"departamento","provincia","years","n"
"AMAZONAS","BAGUA","2014",851
"AMAZONAS","BAGUA","2015",1133
"AMAZONAS","BAGUA","2016",1139
"AMAZONAS","BAGUA","2017",1286
"AMAZONAS","BAGUA","2018",1194
"AMAZONAS","BAGUA","2019",1282
"AMAZONAS","BAGUA","2022",1477
"AMAZONAS","BAGUA","2021",1487
"AMAZONAS","BAGUA","2020",1184
"AMAZONAS","BONGARA","2014",143
"AMAZONAS","BONGARA","2015",177
"AMAZONAS","BONGARA","2016",212
"AMAZONAS","BONGARA","2017",204
"AMAZONAS","BONGARA","2018",173
"AMAZONAS","BONGARA","2019",186
"AMAZONAS","BONGARA","2022",184
"AMAZONAS","BONGARA","2021",191
"AMAZONAS","BONGARA","2020",199
"AMAZONAS","CHACHAPOYAS","2014",1422
"AMAZONAS","CHACHAPOYAS","2015",1488
"AMAZONAS","CHACHAPOYAS","2016",1622
"AMAZONAS","CHACHAPOYAS","2017",1751
"AMAZONAS","CHACHAPOYAS","2018",1735
"AMAZONAS","CHACHAPOYAS","2019",1809
"AMAZONAS","CHACHAPOYAS","2022",1625
"AMAZONAS","CHACHAPOYAS","2021",1551
"AMAZONAS","CHACHAPOYAS","2020",1628
"AMAZONAS","CONDORCANQUI","2014",117
"AMAZONAS","CONDORCANQUI","2015",186
"AMAZONAS","CONDORCANQUI","2016",401
"AMAZONAS","CONDORCANQUI","2017",454
"AMAZONAS","CONDORCANQUI","2018",430
"AMAZONAS","CONDORCANQUI","2019",377
"AMAZONAS","CONDORCANQUI","2022",438
"AMAZONAS","CONDORCANQUI","2021",441
"AMAZONAS","CONDORCANQUI","2020",343
"AMAZONAS","LUYA","2014",137
"AMAZONAS","LUYA","2015",146
"AMAZONAS","LUYA","2016",161
"AMAZONAS","LUYA","2017",168
"AMAZONAS","LUYA","2018",166
"AMAZONAS","LUYA","2019",115
"AMAZONAS","LUYA","2022",154
"AMAZONAS","LUYA","2021",195
"AMAZONAS","LUYA","2020",177
"AMAZONAS","RODRIGUEZ DE MENDOZA","2014",162
"AMAZONAS","RODRIGUEZ DE MENDOZA","2015",158
"AMAZONAS","RODRIGUEZ DE MENDOZA","2016",154
"AMAZONAS","RODRIGUEZ DE MENDOZA","2017",166
"AMAZONAS","RODRIGUEZ DE MENDOZA","2018",130
"AMAZONAS","RODRIGUEZ DE MENDOZA","2019",100
"AMAZONAS","RODRIGUEZ DE MENDOZA","2022",137
"AMAZONAS","RODRIGUEZ DE MENDOZA","2021",157
"AMAZONAS","RODRIGUEZ DE MENDOZA","2020",134
"AMAZONAS","UTCUBAMBA","2014",1041
"AMAZONAS","UTCUBAMBA","2015",1257
"AMAZONAS","UTCUBAMBA","2016",1308
"AMAZONAS","UTCUBAMBA","2017",1430
"AMAZONAS","UTCUBAMBA","2018",1388
"AMAZONAS","UTCUBAMBA","2019",1330
"AMAZONAS","UTCUBAMBA","2022",1179
"AMAZONAS","UTCUBAMBA","2021",1305
"AMAZONAS","UTCUBAMBA","2020",1140
"ANCASH","ANTONIO RAYMONDI","2014",NA
"ANCASH","ANTONIO RAYMONDI","2015",NA
"ANCASH","ANTONIO RAYMONDI","2016",58
"ANCASH","ANTONIO RAYMONDI","2017",78
"ANCASH","ANTONIO RAYMONDI","2018",70
"ANCASH","ANTONIO RAYMONDI","2019",70
"ANCASH","ANTONIO RAYMONDI","2022",72
"ANCASH","ANTONIO RAYMONDI","2021",68
"ANCASH","ANTONIO RAYMONDI","2020",64
"ANCASH","ASUNCION","2014",NA
"ANCASH","ASUNCION","2015",NA
"ANCASH","ASUNCION","2016",45
"ANCASH","ASUNCION","2017",146
"ANCASH","ASUNCION","2018",120
"ANCASH","ASUNCION","2019",111
"ANCASH","ASUNCION","2022",80
"ANCASH","ASUNCION","2021",78
"ANCASH","ASUNCION","2020",84
"ANCASH","BOLOGNESI","2014",NA
"ANCASH","BOLOGNESI","2015",NA
"ANCASH","BOLOGNESI","2016",NA
"ANCASH","BOLOGNESI","2017",36
"ANCASH","BOLOGNESI","2018",128
"ANCASH","BOLOGNESI","2019",107
"ANCASH","BOLOGNESI","2022",130
"ANCASH","BOLOGNESI","2021",133
"ANCASH","BOLOGNESI","2020",151
"ANCASH","CARHUAZ","2014",16
"ANCASH","CARHUAZ","2015",528
"ANCASH","CARHUAZ","2016",509
"ANCASH","CARHUAZ","2017",522
"ANCASH","CARHUAZ","2018",493
"ANCASH","CARHUAZ","2019",485
"ANCASH","CARHUAZ","2022",531
"ANCASH","CARHUAZ","2021",651
"ANCASH","CARHUAZ","2020",644
"ANCASH","CARLOS FERMIN FITZCARRALD","2014",NA
"ANCASH","CARLOS FERMIN FITZCARRALD","2015",NA
"ANCASH","CARLOS FERMIN FITZCARRALD","2016",120
"ANCASH","CARLOS FERMIN FITZCARRALD","2017",143
"ANCASH","CARLOS FERMIN FITZCARRALD","2018",119
"ANCASH","CARLOS FERMIN FITZCARRALD","2019",112
"ANCASH","CARLOS FERMIN FITZCARRALD","2022",102
"ANCASH","CARLOS FERMIN FITZCARRALD","2021",115
"ANCASH","CARLOS FERMIN FITZCARRALD","2020",126
"ANCASH","CASMA","2014",NA
"ANCASH","CASMA","2015",NA
"ANCASH","CASMA","2016",NA
"ANCASH","CASMA","2017",236
"ANCASH","CASMA","2018",472
"ANCASH","CASMA","2019",487
"ANCASH","CASMA","2022",661
"ANCASH","CASMA","2021",638
"ANCASH","CASMA","2020",494
"ANCASH","CORONGO","2014",NA
"ANCASH","CORONGO","2015",NA
"ANCASH","CORONGO","2016",NA
"ANCASH","CORONGO","2017",9
"ANCASH","CORONGO","2018",15
"ANCASH","CORONGO","2019",10
"ANCASH","CORONGO","2022",16
"ANCASH","CORONGO","2021",20
"ANCASH","CORONGO","2020",22
"ANCASH","HUARAZ","2014",374
"ANCASH","HUARAZ","2015",3719
"ANCASH","HUARAZ","2016",4198
"ANCASH","HUARAZ","2017",4213
"ANCASH","HUARAZ","2018",4032
"ANCASH","HUARAZ","2019",4096
"ANCASH","HUARAZ","2022",4031
"ANCASH","HUARAZ","2021",3633
"ANCASH","HUARAZ","2020",3703
"ANCASH","HUARI","2014",NA
"ANCASH","HUARI","2015",542
"ANCASH","HUARI","2016",553
"ANCASH","HUARI","2017",572
"ANCASH","HUARI","2018",617
"ANCASH","HUARI","2019",634
"ANCASH","HUARI","2022",664
"ANCASH","HUARI","2021",702
"ANCASH","HUARI","2020",738
"ANCASH","HUARMEY","2014",NA
"ANCASH","HUARMEY","2015",NA
"ANCASH","HUARMEY","2016",NA
"ANCASH","HUARMEY","2017",NA
"ANCASH","HUARMEY","2018",111
"ANCASH","HUARMEY","2019",210
"ANCASH","HUARMEY","2022",401
"ANCASH","HUARMEY","2021",318
"ANCASH","HUARMEY","2020",284
"ANCASH","HUAYLAS","2014",749
"ANCASH","HUAYLAS","2015",803
"ANCASH","HUAYLAS","2016",828
"ANCASH","HUAYLAS","2017",868
"ANCASH","HUAYLAS","2018",814
"ANCASH","HUAYLAS","2019",717
"ANCASH","HUAYLAS","2022",786
"ANCASH","HUAYLAS","2021",777
"ANCASH","HUAYLAS","2020",867
"ANCASH","MARISCAL LUZURIAGA","2014",NA
"ANCASH","MARISCAL LUZURIAGA","2015",NA
"ANCASH","MARISCAL LUZURIAGA","2016",74
"ANCASH","MARISCAL LUZURIAGA","2017",82
"ANCASH","MARISCAL LUZURIAGA","2018",62
"ANCASH","MARISCAL LUZURIAGA","2019",86
"ANCASH","MARISCAL LUZURIAGA","2022",71
"ANCASH","MARISCAL LUZURIAGA","2021",86
"ANCASH","MARISCAL LUZURIAGA","2020",62
"ANCASH","PALLASCA","2014",NA
"ANCASH","PALLASCA","2015",NA
"ANCASH","PALLASCA","2016",NA
"ANCASH","PALLASCA","2017",88
"ANCASH","PALLASCA","2018",134
"ANCASH","PALLASCA","2019",116
"ANCASH","PALLASCA","2022",115
"ANCASH","PALLASCA","2021",143
"ANCASH","PALLASCA","2020",135
"ANCASH","POMABAMBA","2014",NA
"ANCASH","POMABAMBA","2015",308
"ANCASH","POMABAMBA","2016",381
"ANCASH","POMABAMBA","2017",390
"ANCASH","POMABAMBA","2018",385
"ANCASH","POMABAMBA","2019",361
"ANCASH","POMABAMBA","2022",389
"ANCASH","POMABAMBA","2021",426
"ANCASH","POMABAMBA","2020",366
"ANCASH","RECUAY","2014",91
"ANCASH","RECUAY","2015",140
"ANCASH","RECUAY","2016",170
"ANCASH","RECUAY","2017",145
"ANCASH","RECUAY","2018",117
"ANCASH","RECUAY","2019",124
"ANCASH","RECUAY","2022",114
"ANCASH","RECUAY","2021",114
"ANCASH","RECUAY","2020",129
"ANCASH","SANTA","2014",3600
"ANCASH","SANTA","2015",5667
"ANCASH","SANTA","2016",6429
"ANCASH","SANTA","2017",7693
"ANCASH","SANTA","2018",8615
"ANCASH","SANTA","2019",8366
"ANCASH","SANTA","2022",7681
"ANCASH","SANTA","2021",7795
"ANCASH","SANTA","2020",8144
"ANCASH","SIHUAS","2014",NA
"ANCASH","SIHUAS","2015",210
"ANCASH","SIHUAS","2016",254
"ANCASH","SIHUAS","2017",248
"ANCASH","SIHUAS","2018",258
"ANCASH","SIHUAS","2019",286
"ANCASH","SIHUAS","2022",263
"ANCASH","SIHUAS","2021",257
"ANCASH","SIHUAS","2020",302
"ANCASH","YUNGAY","2014",12
"ANCASH","YUNGAY","2015",368
"ANCASH","YUNGAY","2016",474
"ANCASH","YUNGAY","2017",487
"ANCASH","YUNGAY","2018",474
"ANCASH","YUNGAY","2019",455
"ANCASH","YUNGAY","2022",561
"ANCASH","YUNGAY","2021",534
"ANCASH","YUNGAY","2020",500
"APURIMAC","ABANCAY","2014",2408
"APURIMAC","ABANCAY","2015",2688
"APURIMAC","ABANCAY","2016",2657
"APURIMAC","ABANCAY","2017",2721
"APURIMAC","ABANCAY","2018",2808
"APURIMAC","ABANCAY","2019",2745
"APURIMAC","ABANCAY","2022",2764
"APURIMAC","ABANCAY","2021",2636
"APURIMAC","ABANCAY","2020",2668
"APURIMAC","ANDAHUAYLAS","2014",2013
"APURIMAC","ANDAHUAYLAS","2015",2266
"APURIMAC","ANDAHUAYLAS","2016",2988
"APURIMAC","ANDAHUAYLAS","2017",2957
"APURIMAC","ANDAHUAYLAS","2018",2823
"APURIMAC","ANDAHUAYLAS","2019",2713
"APURIMAC","ANDAHUAYLAS","2022",2836
"APURIMAC","ANDAHUAYLAS","2021",2645
"APURIMAC","ANDAHUAYLAS","2020",2734
"APURIMAC","ANTABAMBA","2014",6
"APURIMAC","ANTABAMBA","2015",43
"APURIMAC","ANTABAMBA","2016",42
"APURIMAC","ANTABAMBA","2017",60
"APURIMAC","ANTABAMBA","2018",27
"APURIMAC","ANTABAMBA","2019",37
"APURIMAC","ANTABAMBA","2022",39
"APURIMAC","ANTABAMBA","2021",38
"APURIMAC","ANTABAMBA","2020",51
"APURIMAC","AYMARAES","2014",NA
"APURIMAC","AYMARAES","2015",44
"APURIMAC","AYMARAES","2016",122
"APURIMAC","AYMARAES","2017",135
"APURIMAC","AYMARAES","2018",125
"APURIMAC","AYMARAES","2019",93
"APURIMAC","AYMARAES","2022",112
"APURIMAC","AYMARAES","2021",153
"APURIMAC","AYMARAES","2020",161
"APURIMAC","CHINCHEROS","2014",NA
"APURIMAC","CHINCHEROS","2015",208
"APURIMAC","CHINCHEROS","2016",647
"APURIMAC","CHINCHEROS","2017",635
"APURIMAC","CHINCHEROS","2018",622
"APURIMAC","CHINCHEROS","2019",577
"APURIMAC","CHINCHEROS","2022",574
"APURIMAC","CHINCHEROS","2021",650
"APURIMAC","CHINCHEROS","2020",652
"APURIMAC","COTABAMBAS","2014",415
"APURIMAC","COTABAMBAS","2015",707
"APURIMAC","COTABAMBAS","2016",803
"APURIMAC","COTABAMBAS","2017",751
"APURIMAC","COTABAMBAS","2018",770
"APURIMAC","COTABAMBAS","2019",742
"APURIMAC","COTABAMBAS","2022",743
"APURIMAC","COTABAMBAS","2021",855
"APURIMAC","COTABAMBAS","2020",916
"APURIMAC","GRAU","2014",33
"APURIMAC","GRAU","2015",134
"APURIMAC","GRAU","2016",130
"APURIMAC","GRAU","2017",123
"APURIMAC","GRAU","2018",89
"APURIMAC","GRAU","2019",78
"APURIMAC","GRAU","2022",85
"APURIMAC","GRAU","2021",141
"APURIMAC","GRAU","2020",143
"AREQUIPA","AREQUIPA","2014",20086
"AREQUIPA","AREQUIPA","2015",20627
"AREQUIPA","AREQUIPA","2016",19749
"AREQUIPA","AREQUIPA","2017",19291
"AREQUIPA","AREQUIPA","2018",19249
"AREQUIPA","AREQUIPA","2019",18475
"AREQUIPA","AREQUIPA","2022",16410
"AREQUIPA","AREQUIPA","2021",15150
"AREQUIPA","AREQUIPA","2020",17548
"AREQUIPA","CAMANA","2014",959
"AREQUIPA","CAMANA","2015",984
"AREQUIPA","CAMANA","2016",1073
"AREQUIPA","CAMANA","2017",1073
"AREQUIPA","CAMANA","2018",1052
"AREQUIPA","CAMANA","2019",1039
"AREQUIPA","CAMANA","2022",927
"AREQUIPA","CAMANA","2021",779
"AREQUIPA","CAMANA","2020",1005
"AREQUIPA","CARAVELI","2014",195
"AREQUIPA","CARAVELI","2015",190
"AREQUIPA","CARAVELI","2016",153
"AREQUIPA","CARAVELI","2017",130
"AREQUIPA","CARAVELI","2018",167
"AREQUIPA","CARAVELI","2019",121
"AREQUIPA","CARAVELI","2022",108
"AREQUIPA","CARAVELI","2021",153
"AREQUIPA","CARAVELI","2020",198
"AREQUIPA","CASTILLA","2014",458
"AREQUIPA","CASTILLA","2015",405
"AREQUIPA","CASTILLA","2016",445
"AREQUIPA","CASTILLA","2017",419
"AREQUIPA","CASTILLA","2018",399
"AREQUIPA","CASTILLA","2019",393
"AREQUIPA","CASTILLA","2022",336
"AREQUIPA","CASTILLA","2021",402
"AREQUIPA","CASTILLA","2020",471
"AREQUIPA","CAYLLOMA","2014",1151
"AREQUIPA","CAYLLOMA","2015",1200
"AREQUIPA","CAYLLOMA","2016",1232
"AREQUIPA","CAYLLOMA","2017",1385
"AREQUIPA","CAYLLOMA","2018",1332
"AREQUIPA","CAYLLOMA","2019",1377
"AREQUIPA","CAYLLOMA","2022",1288
"AREQUIPA","CAYLLOMA","2021",1445
"AREQUIPA","CAYLLOMA","2020",1498
"AREQUIPA","CONDESUYOS","2014",10
"AREQUIPA","CONDESUYOS","2015",49
"AREQUIPA","CONDESUYOS","2016",65
"AREQUIPA","CONDESUYOS","2017",77
"AREQUIPA","CONDESUYOS","2018",80
"AREQUIPA","CONDESUYOS","2019",76
"AREQUIPA","CONDESUYOS","2022",73
"AREQUIPA","CONDESUYOS","2021",80
"AREQUIPA","CONDESUYOS","2020",106
"AREQUIPA","ISLAY","2014",262
"AREQUIPA","ISLAY","2015",458
"AREQUIPA","ISLAY","2016",422
"AREQUIPA","ISLAY","2017",425
"AREQUIPA","ISLAY","2018",366
"AREQUIPA","ISLAY","2019",354
"AREQUIPA","ISLAY","2022",318
"AREQUIPA","ISLAY","2021",306
"AREQUIPA","ISLAY","2020",333
"AREQUIPA","LA UNION","2014",NA
"AREQUIPA","LA UNION","2015",NA
"AREQUIPA","LA UNION","2016",NA
"AREQUIPA","LA UNION","2017",35
"AREQUIPA","LA UNION","2018",60
"AREQUIPA","LA UNION","2019",66
"AREQUIPA","LA UNION","2022",77
"AREQUIPA","LA UNION","2021",109
"AREQUIPA","LA UNION","2020",96
"AYACUCHO","CANGALLO","2014",432
"AYACUCHO","CANGALLO","2015",465
"AYACUCHO","CANGALLO","2016",494
"AYACUCHO","CANGALLO","2017",510
"AYACUCHO","CANGALLO","2018",498
"AYACUCHO","CANGALLO","2019",419
"AYACUCHO","CANGALLO","2022",431
"AYACUCHO","CANGALLO","2021",529
"AYACUCHO","CANGALLO","2020",500
"AYACUCHO","HUAMANGA","2014",5367
"AYACUCHO","HUAMANGA","2015",6497
"AYACUCHO","HUAMANGA","2016",6827
"AYACUCHO","HUAMANGA","2017",7104
"AYACUCHO","HUAMANGA","2018",6920
"AYACUCHO","HUAMANGA","2019",6826
"AYACUCHO","HUAMANGA","2022",6511
"AYACUCHO","HUAMANGA","2021",6478
"AYACUCHO","HUAMANGA","2020",6395
"AYACUCHO","HUANCA SANCOS","2014",80
"AYACUCHO","HUANCA SANCOS","2015",81
"AYACUCHO","HUANCA SANCOS","2016",65
"AYACUCHO","HUANCA SANCOS","2017",53
"AYACUCHO","HUANCA SANCOS","2018",63
"AYACUCHO","HUANCA SANCOS","2019",46
"AYACUCHO","HUANCA SANCOS","2022",64
"AYACUCHO","HUANCA SANCOS","2021",76
"AYACUCHO","HUANCA SANCOS","2020",58
"AYACUCHO","HUANTA","2014",1370
"AYACUCHO","HUANTA","2015",1618
"AYACUCHO","HUANTA","2016",1583
"AYACUCHO","HUANTA","2017",1673
"AYACUCHO","HUANTA","2018",1588
"AYACUCHO","HUANTA","2019",1600
"AYACUCHO","HUANTA","2022",1582
"AYACUCHO","HUANTA","2021",1681
"AYACUCHO","HUANTA","2020",1704
"AYACUCHO","LA MAR","2014",1103
"AYACUCHO","LA MAR","2015",1485
"AYACUCHO","LA MAR","2016",1511
"AYACUCHO","LA MAR","2017",1845
"AYACUCHO","LA MAR","2018",1664
"AYACUCHO","LA MAR","2019",1572
"AYACUCHO","LA MAR","2022",1367
"AYACUCHO","LA MAR","2021",1843
"AYACUCHO","LA MAR","2020",1830
"AYACUCHO","LUCANAS","2014",455
"AYACUCHO","LUCANAS","2015",495
"AYACUCHO","LUCANAS","2016",501
"AYACUCHO","LUCANAS","2017",476
"AYACUCHO","LUCANAS","2018",461
"AYACUCHO","LUCANAS","2019",438
"AYACUCHO","LUCANAS","2022",426
"AYACUCHO","LUCANAS","2021",542
"AYACUCHO","LUCANAS","2020",544
"AYACUCHO","PARINACOCHAS","2014",455
"AYACUCHO","PARINACOCHAS","2015",480
"AYACUCHO","PARINACOCHAS","2016",424
"AYACUCHO","PARINACOCHAS","2017",403
"AYACUCHO","PARINACOCHAS","2018",396
"AYACUCHO","PARINACOCHAS","2019",426
"AYACUCHO","PARINACOCHAS","2022",488
"AYACUCHO","PARINACOCHAS","2021",492
"AYACUCHO","PARINACOCHAS","2020",470
"AYACUCHO","PAUCAR DEL SARA SARA","2014",14
"AYACUCHO","PAUCAR DEL SARA SARA","2015",66
"AYACUCHO","PAUCAR DEL SARA SARA","2016",59
"AYACUCHO","PAUCAR DEL SARA SARA","2017",62
"AYACUCHO","PAUCAR DEL SARA SARA","2018",40
"AYACUCHO","PAUCAR DEL SARA SARA","2019",47
"AYACUCHO","PAUCAR DEL SARA SARA","2022",57
"AYACUCHO","PAUCAR DEL SARA SARA","2021",59
"AYACUCHO","PAUCAR DEL SARA SARA","2020",63
"AYACUCHO","SUCRE","2014",55
"AYACUCHO","SUCRE","2015",71
"AYACUCHO","SUCRE","2016",52
"AYACUCHO","SUCRE","2017",73
"AYACUCHO","SUCRE","2018",62
"AYACUCHO","SUCRE","2019",72
"AYACUCHO","SUCRE","2022",92
"AYACUCHO","SUCRE","2021",84
"AYACUCHO","SUCRE","2020",78
"AYACUCHO","VICTOR FAJARDO","2014",66
"AYACUCHO","VICTOR FAJARDO","2015",55
"AYACUCHO","VICTOR FAJARDO","2016",59
"AYACUCHO","VICTOR FAJARDO","2017",53
"AYACUCHO","VICTOR FAJARDO","2018",61
"AYACUCHO","VICTOR FAJARDO","2019",48
"AYACUCHO","VICTOR FAJARDO","2022",43
"AYACUCHO","VICTOR FAJARDO","2021",82
"AYACUCHO","VICTOR FAJARDO","2020",55
"AYACUCHO","VILCAS HUAMAN","2014",155
"AYACUCHO","VILCAS HUAMAN","2015",149
"AYACUCHO","VILCAS HUAMAN","2016",146
"AYACUCHO","VILCAS HUAMAN","2017",124
"AYACUCHO","VILCAS HUAMAN","2018",102
"AYACUCHO","VILCAS HUAMAN","2019",88
"AYACUCHO","VILCAS HUAMAN","2022",54
"AYACUCHO","VILCAS HUAMAN","2021",65
"AYACUCHO","VILCAS HUAMAN","2020",134
"CAJAMARCA","CAJABAMBA","2014",837
"CAJAMARCA","CAJABAMBA","2015",932
"CAJAMARCA","CAJABAMBA","2016",905
"CAJAMARCA","CAJABAMBA","2017",902
"CAJAMARCA","CAJABAMBA","2018",861
"CAJAMARCA","CAJABAMBA","2019",1105
"CAJAMARCA","CAJABAMBA","2022",1541
"CAJAMARCA","CAJABAMBA","2021",1456
"CAJAMARCA","CAJABAMBA","2020",1207
"CAJAMARCA","CAJAMARCA","2014",5042
"CAJAMARCA","CAJAMARCA","2015",6386
"CAJAMARCA","CAJAMARCA","2016",7288
"CAJAMARCA","CAJAMARCA","2017",7588
"CAJAMARCA","CAJAMARCA","2018",7371
"CAJAMARCA","CAJAMARCA","2019",7447
"CAJAMARCA","CAJAMARCA","2022",8003
"CAJAMARCA","CAJAMARCA","2021",7503
"CAJAMARCA","CAJAMARCA","2020",6596
"CAJAMARCA","CELENDIN","2014",445
"CAJAMARCA","CELENDIN","2015",512
"CAJAMARCA","CELENDIN","2016",549
"CAJAMARCA","CELENDIN","2017",607
"CAJAMARCA","CELENDIN","2018",575
"CAJAMARCA","CELENDIN","2019",610
"CAJAMARCA","CELENDIN","2022",748
"CAJAMARCA","CELENDIN","2021",716
"CAJAMARCA","CELENDIN","2020",629
"CAJAMARCA","CHOTA","2014",1437
"CAJAMARCA","CHOTA","2015",1557
"CAJAMARCA","CHOTA","2016",1784
"CAJAMARCA","CHOTA","2017",1953
"CAJAMARCA","CHOTA","2018",1966
"CAJAMARCA","CHOTA","2019",1818
"CAJAMARCA","CHOTA","2022",1728
"CAJAMARCA","CHOTA","2021",1744
"CAJAMARCA","CHOTA","2020",1701
"CAJAMARCA","CONTUMAZA","2014",19
"CAJAMARCA","CONTUMAZA","2015",55
"CAJAMARCA","CONTUMAZA","2016",159
"CAJAMARCA","CONTUMAZA","2017",165
"CAJAMARCA","CONTUMAZA","2018",135
"CAJAMARCA","CONTUMAZA","2019",127
"CAJAMARCA","CONTUMAZA","2022",158
"CAJAMARCA","CONTUMAZA","2021",127
"CAJAMARCA","CONTUMAZA","2020",151
"CAJAMARCA","CUTERVO","2014",798
"CAJAMARCA","CUTERVO","2015",965
"CAJAMARCA","CUTERVO","2016",1096
"CAJAMARCA","CUTERVO","2017",1296
"CAJAMARCA","CUTERVO","2018",1397
"CAJAMARCA","CUTERVO","2019",1287
"CAJAMARCA","CUTERVO","2022",1443
"CAJAMARCA","CUTERVO","2021",1407
"CAJAMARCA","CUTERVO","2020",1319
"CAJAMARCA","HUALGAYOC","2014",35
"CAJAMARCA","HUALGAYOC","2015",619
"CAJAMARCA","HUALGAYOC","2016",759
"CAJAMARCA","HUALGAYOC","2017",784
"CAJAMARCA","HUALGAYOC","2018",767
"CAJAMARCA","HUALGAYOC","2019",705
"CAJAMARCA","HUALGAYOC","2022",849
"CAJAMARCA","HUALGAYOC","2021",875
"CAJAMARCA","HUALGAYOC","2020",758
"CAJAMARCA","JAEN","2014",1808
"CAJAMARCA","JAEN","2015",2443
"CAJAMARCA","JAEN","2016",3018
"CAJAMARCA","JAEN","2017",3343
"CAJAMARCA","JAEN","2018",3723
"CAJAMARCA","JAEN","2019",3606
"CAJAMARCA","JAEN","2022",4427
"CAJAMARCA","JAEN","2021",4150
"CAJAMARCA","JAEN","2020",3288
"CAJAMARCA","SAN IGNACIO","2014",443
"CAJAMARCA","SAN IGNACIO","2015",605
"CAJAMARCA","SAN IGNACIO","2016",841
"CAJAMARCA","SAN IGNACIO","2017",830
"CAJAMARCA","SAN IGNACIO","2018",832
"CAJAMARCA","SAN IGNACIO","2019",743
"CAJAMARCA","SAN IGNACIO","2022",1544
"CAJAMARCA","SAN IGNACIO","2021",1699
"CAJAMARCA","SAN IGNACIO","2020",927
"CAJAMARCA","SAN MARCOS","2014",338
"CAJAMARCA","SAN MARCOS","2015",310
"CAJAMARCA","SAN MARCOS","2016",343
"CAJAMARCA","SAN MARCOS","2017",422
"CAJAMARCA","SAN MARCOS","2018",352
"CAJAMARCA","SAN MARCOS","2019",347
"CAJAMARCA","SAN MARCOS","2022",605
"CAJAMARCA","SAN MARCOS","2021",684
"CAJAMARCA","SAN MARCOS","2020",452
"CAJAMARCA","SAN MIGUEL","2014",NA
"CAJAMARCA","SAN MIGUEL","2015",4
"CAJAMARCA","SAN MIGUEL","2016",188
"CAJAMARCA","SAN MIGUEL","2017",162
"CAJAMARCA","SAN MIGUEL","2018",158
"CAJAMARCA","SAN MIGUEL","2019",151
"CAJAMARCA","SAN MIGUEL","2022",206
"CAJAMARCA","SAN MIGUEL","2021",231
"CAJAMARCA","SAN MIGUEL","2020",193
"CAJAMARCA","SAN PABLO","2014",NA
"CAJAMARCA","SAN PABLO","2015",18
"CAJAMARCA","SAN PABLO","2016",142
"CAJAMARCA","SAN PABLO","2017",116
"CAJAMARCA","SAN PABLO","2018",109
"CAJAMARCA","SAN PABLO","2019",116
"CAJAMARCA","SAN PABLO","2022",94
"CAJAMARCA","SAN PABLO","2021",124
"CAJAMARCA","SAN PABLO","2020",134
"CAJAMARCA","SANTA CRUZ","2014",62
"CAJAMARCA","SANTA CRUZ","2015",155
"CAJAMARCA","SANTA CRUZ","2016",181
"CAJAMARCA","SANTA CRUZ","2017",173
"CAJAMARCA","SANTA CRUZ","2018",173
"CAJAMARCA","SANTA CRUZ","2019",155
"CAJAMARCA","SANTA CRUZ","2022",231
"CAJAMARCA","SANTA CRUZ","2021",229
"CAJAMARCA","SANTA CRUZ","2020",265
"CALLAO","CALLAO","2014",11605
"CALLAO","CALLAO","2015",16874
"CALLAO","CALLAO","2016",16326
"CALLAO","CALLAO","2017",18581
"CALLAO","CALLAO","2018",20047
"CALLAO","CALLAO","2019",19306
"CALLAO","CALLAO","2022",15300
"CALLAO","CALLAO","2021",15755
"CALLAO","CALLAO","2020",17708
"CUSCO","ACOMAYO","2014",NA
"CUSCO","ACOMAYO","2015",NA
"CUSCO","ACOMAYO","2016",NA
"CUSCO","ACOMAYO","2017",20
"CUSCO","ACOMAYO","2018",100
"CUSCO","ACOMAYO","2019",90
"CUSCO","ACOMAYO","2022",127
"CUSCO","ACOMAYO","2021",123
"CUSCO","ACOMAYO","2020",116
"CUSCO","ANTA","2014",360
"CUSCO","ANTA","2015",328
"CUSCO","ANTA","2016",277
"CUSCO","ANTA","2017",268
"CUSCO","ANTA","2018",270
"CUSCO","ANTA","2019",223
"CUSCO","ANTA","2022",268
"CUSCO","ANTA","2021",344
"CUSCO","ANTA","2020",400
"CUSCO","CALCA","2014",623
"CUSCO","CALCA","2015",563
"CUSCO","CALCA","2016",565
"CUSCO","CALCA","2017",513
"CUSCO","CALCA","2018",529
"CUSCO","CALCA","2019",522
"CUSCO","CALCA","2022",558
"CUSCO","CALCA","2021",508
"CUSCO","CALCA","2020",595
"CUSCO","CANAS","2014",10
"CUSCO","CANAS","2015",120
"CUSCO","CANAS","2016",145
"CUSCO","CANAS","2017",268
"CUSCO","CANAS","2018",216
"CUSCO","CANAS","2019",206
"CUSCO","CANAS","2022",196
"CUSCO","CANAS","2021",257
"CUSCO","CANAS","2020",266
"CUSCO","CANCHIS","2014",1467
"CUSCO","CANCHIS","2015",1905
"CUSCO","CANCHIS","2016",1808
"CUSCO","CANCHIS","2017",1951
"CUSCO","CANCHIS","2018",1847
"CUSCO","CANCHIS","2019",1834
"CUSCO","CANCHIS","2022",1633
"CUSCO","CANCHIS","2021",1587
"CUSCO","CANCHIS","2020",1808
"CUSCO","CHUMBIVILCAS","2014",NA
"CUSCO","CHUMBIVILCAS","2015",82
"CUSCO","CHUMBIVILCAS","2016",625
"CUSCO","CHUMBIVILCAS","2017",643
"CUSCO","CHUMBIVILCAS","2018",855
"CUSCO","CHUMBIVILCAS","2019",839
"CUSCO","CHUMBIVILCAS","2022",1083
"CUSCO","CHUMBIVILCAS","2021",1092
"CUSCO","CHUMBIVILCAS","2020",1075
"CUSCO","CUSCO","2014",12213
"CUSCO","CUSCO","2015",12929
"CUSCO","CUSCO","2016",12811
"CUSCO","CUSCO","2017",13139
"CUSCO","CUSCO","2018",12675
"CUSCO","CUSCO","2019",12417
"CUSCO","CUSCO","2022",10687
"CUSCO","CUSCO","2021",10333
"CUSCO","CUSCO","2020",11271
"CUSCO","ESPINAR","2014",692
"CUSCO","ESPINAR","2015",732
"CUSCO","ESPINAR","2016",975
"CUSCO","ESPINAR","2017",1019
"CUSCO","ESPINAR","2018",986
"CUSCO","ESPINAR","2019",925
"CUSCO","ESPINAR","2022",948
"CUSCO","ESPINAR","2021",895
"CUSCO","ESPINAR","2020",979
"CUSCO","LA CONVENCION","2014",1440
"CUSCO","LA CONVENCION","2015",2337
"CUSCO","LA CONVENCION","2016",2207
"CUSCO","LA CONVENCION","2017",2384
"CUSCO","LA CONVENCION","2018",2346
"CUSCO","LA CONVENCION","2019",2596
"CUSCO","LA CONVENCION","2022",2741
"CUSCO","LA CONVENCION","2021",2923
"CUSCO","LA CONVENCION","2020",2800
"CUSCO","PARURO","2014",NA
"CUSCO","PARURO","2015",NA
"CUSCO","PARURO","2016",30
"CUSCO","PARURO","2017",69
"CUSCO","PARURO","2018",36
"CUSCO","PARURO","2019",39
"CUSCO","PARURO","2022",80
"CUSCO","PARURO","2021",81
"CUSCO","PARURO","2020",80
"CUSCO","PAUCARTAMBO","2014",NA
"CUSCO","PAUCARTAMBO","2015",22
"CUSCO","PAUCARTAMBO","2016",256
"CUSCO","PAUCARTAMBO","2017",273
"CUSCO","PAUCARTAMBO","2018",241
"CUSCO","PAUCARTAMBO","2019",212
"CUSCO","PAUCARTAMBO","2022",262
"CUSCO","PAUCARTAMBO","2021",240
"CUSCO","PAUCARTAMBO","2020",271
"CUSCO","QUISPICANCHI","2014",NA
"CUSCO","QUISPICANCHI","2015",458
"CUSCO","QUISPICANCHI","2016",569
"CUSCO","QUISPICANCHI","2017",600
"CUSCO","QUISPICANCHI","2018",781
"CUSCO","QUISPICANCHI","2019",741
"CUSCO","QUISPICANCHI","2022",889
"CUSCO","QUISPICANCHI","2021",793
"CUSCO","QUISPICANCHI","2020",797
"CUSCO","URUBAMBA","2014",414
"CUSCO","URUBAMBA","2015",382
"CUSCO","URUBAMBA","2016",398
"CUSCO","URUBAMBA","2017",397
"CUSCO","URUBAMBA","2018",365
"CUSCO","URUBAMBA","2019",397
"CUSCO","URUBAMBA","2022",361
"CUSCO","URUBAMBA","2021",425
"CUSCO","URUBAMBA","2020",465
"HUANCAVELICA","ACOBAMBA","2014",691
"HUANCAVELICA","ACOBAMBA","2015",617
"HUANCAVELICA","ACOBAMBA","2016",648
"HUANCAVELICA","ACOBAMBA","2017",704
"HUANCAVELICA","ACOBAMBA","2018",573
"HUANCAVELICA","ACOBAMBA","2019",598
"HUANCAVELICA","ACOBAMBA","2022",589
"HUANCAVELICA","ACOBAMBA","2021",707
"HUANCAVELICA","ACOBAMBA","2020",662
"HUANCAVELICA","ANGARAES","2014",534
"HUANCAVELICA","ANGARAES","2015",625
"HUANCAVELICA","ANGARAES","2016",670
"HUANCAVELICA","ANGARAES","2017",697
"HUANCAVELICA","ANGARAES","2018",699
"HUANCAVELICA","ANGARAES","2019",694
"HUANCAVELICA","ANGARAES","2022",771
"HUANCAVELICA","ANGARAES","2021",807
"HUANCAVELICA","ANGARAES","2020",702
"HUANCAVELICA","CASTROVIRREYNA","2014",NA
"HUANCAVELICA","CASTROVIRREYNA","2015",NA
"HUANCAVELICA","CASTROVIRREYNA","2016",74
"HUANCAVELICA","CASTROVIRREYNA","2017",78
"HUANCAVELICA","CASTROVIRREYNA","2018",67
"HUANCAVELICA","CASTROVIRREYNA","2019",67
"HUANCAVELICA","CASTROVIRREYNA","2022",69
"HUANCAVELICA","CASTROVIRREYNA","2021",85
"HUANCAVELICA","CASTROVIRREYNA","2020",101
"HUANCAVELICA","CHURCAMPA","2014",108
"HUANCAVELICA","CHURCAMPA","2015",431
"HUANCAVELICA","CHURCAMPA","2016",405
"HUANCAVELICA","CHURCAMPA","2017",416
"HUANCAVELICA","CHURCAMPA","2018",423
"HUANCAVELICA","CHURCAMPA","2019",383
"HUANCAVELICA","CHURCAMPA","2022",421
"HUANCAVELICA","CHURCAMPA","2021",404
"HUANCAVELICA","CHURCAMPA","2020",450
"HUANCAVELICA","HUANCAVELICA","2014",1967
"HUANCAVELICA","HUANCAVELICA","2015",2342
"HUANCAVELICA","HUANCAVELICA","2016",2229
"HUANCAVELICA","HUANCAVELICA","2017",2355
"HUANCAVELICA","HUANCAVELICA","2018",2279
"HUANCAVELICA","HUANCAVELICA","2019",2189
"HUANCAVELICA","HUANCAVELICA","2022",2306
"HUANCAVELICA","HUANCAVELICA","2021",2313
"HUANCAVELICA","HUANCAVELICA","2020",2391
"HUANCAVELICA","HUAYTARA","2014",26
"HUANCAVELICA","HUAYTARA","2015",69
"HUANCAVELICA","HUAYTARA","2016",106
"HUANCAVELICA","HUAYTARA","2017",73
"HUANCAVELICA","HUAYTARA","2018",81
"HUANCAVELICA","HUAYTARA","2019",74
"HUANCAVELICA","HUAYTARA","2022",70
"HUANCAVELICA","HUAYTARA","2021",64
"HUANCAVELICA","HUAYTARA","2020",81
"HUANCAVELICA","TAYACAJA","2014",963
"HUANCAVELICA","TAYACAJA","2015",909
"HUANCAVELICA","TAYACAJA","2016",880
"HUANCAVELICA","TAYACAJA","2017",1012
"HUANCAVELICA","TAYACAJA","2018",1066
"HUANCAVELICA","TAYACAJA","2019",1043
"HUANCAVELICA","TAYACAJA","2022",1306
"HUANCAVELICA","TAYACAJA","2021",1589
"HUANCAVELICA","TAYACAJA","2020",1362
"HUANUCO","AMBO","2014",318
"HUANUCO","AMBO","2015",452
"HUANUCO","AMBO","2016",603
"HUANUCO","AMBO","2017",625
"HUANUCO","AMBO","2018",651
"HUANUCO","AMBO","2019",619
"HUANUCO","AMBO","2022",599
"HUANUCO","AMBO","2021",714
"HUANUCO","AMBO","2020",756
"HUANUCO","DOS DE MAYO","2014",211
"HUANUCO","DOS DE MAYO","2015",374
"HUANUCO","DOS DE MAYO","2016",436
"HUANUCO","DOS DE MAYO","2017",520
"HUANUCO","DOS DE MAYO","2018",469
"HUANUCO","DOS DE MAYO","2019",508
"HUANUCO","DOS DE MAYO","2022",518
"HUANUCO","DOS DE MAYO","2021",562
"HUANUCO","DOS DE MAYO","2020",506
"HUANUCO","HUACAYBAMBA","2014",46
"HUANUCO","HUACAYBAMBA","2015",104
"HUANUCO","HUACAYBAMBA","2016",125
"HUANUCO","HUACAYBAMBA","2017",139
"HUANUCO","HUACAYBAMBA","2018",181
"HUANUCO","HUACAYBAMBA","2019",224
"HUANUCO","HUACAYBAMBA","2022",231
"HUANUCO","HUACAYBAMBA","2021",259
"HUANUCO","HUACAYBAMBA","2020",249
"HUANUCO","HUAMALIES","2014",268
"HUANUCO","HUAMALIES","2015",632
"HUANUCO","HUAMALIES","2016",679
"HUANUCO","HUAMALIES","2017",724
"HUANUCO","HUAMALIES","2018",704
"HUANUCO","HUAMALIES","2019",673
"HUANUCO","HUAMALIES","2022",735
"HUANUCO","HUAMALIES","2021",876
"HUANUCO","HUAMALIES","2020",803
"HUANUCO","HUANUCO","2014",4697
"HUANUCO","HUANUCO","2015",5536
"HUANUCO","HUANUCO","2016",5674
"HUANUCO","HUANUCO","2017",5882
"HUANUCO","HUANUCO","2018",5867
"HUANUCO","HUANUCO","2019",5719
"HUANUCO","HUANUCO","2022",5560
"HUANUCO","HUANUCO","2021",5644
"HUANUCO","HUANUCO","2020",5515
"HUANUCO","LAURICOCHA","2014",NA
"HUANUCO","LAURICOCHA","2015",75
"HUANUCO","LAURICOCHA","2016",197
"HUANUCO","LAURICOCHA","2017",209
"HUANUCO","LAURICOCHA","2018",204
"HUANUCO","LAURICOCHA","2019",177
"HUANUCO","LAURICOCHA","2022",193
"HUANUCO","LAURICOCHA","2021",196
"HUANUCO","LAURICOCHA","2020",228
"HUANUCO","LEONCIO PRADO","2014",2685
"HUANUCO","LEONCIO PRADO","2015",3177
"HUANUCO","LEONCIO PRADO","2016",3052
"HUANUCO","LEONCIO PRADO","2017",3391
"HUANUCO","LEONCIO PRADO","2018",3197
"HUANUCO","LEONCIO PRADO","2019",3033
"HUANUCO","LEONCIO PRADO","2022",3186
"HUANUCO","LEONCIO PRADO","2021",3053
"HUANUCO","LEONCIO PRADO","2020",2925
"HUANUCO","MARAÑON","2014",NA
"HUANUCO","MARAÑON","2015",69
"HUANUCO","MARAÑON","2016",83
"HUANUCO","MARAÑON","2017",1
"HUANUCO","MARAÑON","2018",101
"HUANUCO","MARAÑON","2019",207
"HUANUCO","MARAÑON","2022",214
"HUANUCO","MARAÑON","2021",350
"HUANUCO","MARAÑON","2020",219
"HUANUCO","PACHITEA","2014",523
"HUANUCO","PACHITEA","2015",858
"HUANUCO","PACHITEA","2016",854
"HUANUCO","PACHITEA","2017",990
"HUANUCO","PACHITEA","2018",798
"HUANUCO","PACHITEA","2019",898
"HUANUCO","PACHITEA","2022",924
"HUANUCO","PACHITEA","2021",1176
"HUANUCO","PACHITEA","2020",992
"HUANUCO","PUERTO INCA","2014",52
"HUANUCO","PUERTO INCA","2015",196
"HUANUCO","PUERTO INCA","2016",329
"HUANUCO","PUERTO INCA","2017",417
"HUANUCO","PUERTO INCA","2018",423
"HUANUCO","PUERTO INCA","2019",442
"HUANUCO","PUERTO INCA","2022",639
"HUANUCO","PUERTO INCA","2021",599
"HUANUCO","PUERTO INCA","2020",509
"HUANUCO","YAROWILCA","2014",39
"HUANUCO","YAROWILCA","2015",203
"HUANUCO","YAROWILCA","2016",284
"HUANUCO","YAROWILCA","2017",253
"HUANUCO","YAROWILCA","2018",269
"HUANUCO","YAROWILCA","2019",257
"HUANUCO","YAROWILCA","2022",290
"HUANUCO","YAROWILCA","2021",309
"HUANUCO","YAROWILCA","2020",327
"ICA","CHINCHA","2014",2895
"ICA","CHINCHA","2015",3900
"ICA","CHINCHA","2016",3884
"ICA","CHINCHA","2017",3930
"ICA","CHINCHA","2018",4183
"ICA","CHINCHA","2019",4124
"ICA","CHINCHA","2022",4163
"ICA","CHINCHA","2021",4070
"ICA","CHINCHA","2020",4201
"ICA","ICA","2014",4011
"ICA","ICA","2015",8160
"ICA","ICA","2016",8078
"ICA","ICA","2017",7868
"ICA","ICA","2018",8117
"ICA","ICA","2019",7821
"ICA","ICA","2022",7835
"ICA","ICA","2021",7218
"ICA","ICA","2020",7959
"ICA","NAZCA","2014",NA
"ICA","NAZCA","2015",423
"ICA","NAZCA","2016",945
"ICA","NAZCA","2017",1182
"ICA","NAZCA","2018",1137
"ICA","NAZCA","2019",1126
"ICA","NAZCA","2022",1092
"ICA","NAZCA","2021",1076
"ICA","NAZCA","2020",1166
"ICA","PALPA","2014",NA
"ICA","PALPA","2015",23
"ICA","PALPA","2016",122
"ICA","PALPA","2017",76
"ICA","PALPA","2018",65
"ICA","PALPA","2019",59
"ICA","PALPA","2022",58
"ICA","PALPA","2021",99
"ICA","PALPA","2020",94
"ICA","PISCO","2014",728
"ICA","PISCO","2015",2878
"ICA","PISCO","2016",2923
"ICA","PISCO","2017",2999
"ICA","PISCO","2018",2829
"ICA","PISCO","2019",2922
"ICA","PISCO","2022",2823
"ICA","PISCO","2021",2702
"ICA","PISCO","2020",2765
"JUNIN","CHANCHAMAYO","2014",2098
"JUNIN","CHANCHAMAYO","2015",2290
"JUNIN","CHANCHAMAYO","2016",2735
"JUNIN","CHANCHAMAYO","2017",2915
"JUNIN","CHANCHAMAYO","2018",2897
"JUNIN","CHANCHAMAYO","2019",2843
"JUNIN","CHANCHAMAYO","2022",3316
"JUNIN","CHANCHAMAYO","2021",3134
"JUNIN","CHANCHAMAYO","2020",2830
"JUNIN","CHUPACA","2014",NA
"JUNIN","CHUPACA","2015",262
"JUNIN","CHUPACA","2016",498
"JUNIN","CHUPACA","2017",472
"JUNIN","CHUPACA","2018",414
"JUNIN","CHUPACA","2019",437
"JUNIN","CHUPACA","2022",494
"JUNIN","CHUPACA","2021",501
"JUNIN","CHUPACA","2020",531
"JUNIN","CONCEPCION","2014",NA
"JUNIN","CONCEPCION","2015",152
"JUNIN","CONCEPCION","2016",356
"JUNIN","CONCEPCION","2017",334
"JUNIN","CONCEPCION","2018",314
"JUNIN","CONCEPCION","2019",334
"JUNIN","CONCEPCION","2022",444
"JUNIN","CONCEPCION","2021",478
"JUNIN","CONCEPCION","2020",513
"JUNIN","HUANCAYO","2014",5455
"JUNIN","HUANCAYO","2015",7157
"JUNIN","HUANCAYO","2016",9975
"JUNIN","HUANCAYO","2017",10307
"JUNIN","HUANCAYO","2018",10286
"JUNIN","HUANCAYO","2019",10945
"JUNIN","HUANCAYO","2022",10085
"JUNIN","HUANCAYO","2021",9536
"JUNIN","HUANCAYO","2020",10132
"JUNIN","JAUJA","2014",1093
"JUNIN","JAUJA","2015",1042
"JUNIN","JAUJA","2016",1068
"JUNIN","JAUJA","2017",1062
"JUNIN","JAUJA","2018",982
"JUNIN","JAUJA","2019",959
"JUNIN","JAUJA","2022",935
"JUNIN","JAUJA","2021",815
"JUNIN","JAUJA","2020",1066
"JUNIN","JUNIN","2014",NA
"JUNIN","JUNIN","2015",194
"JUNIN","JUNIN","2016",410
"JUNIN","JUNIN","2017",353
"JUNIN","JUNIN","2018",330
"JUNIN","JUNIN","2019",277
"JUNIN","JUNIN","2022",253
"JUNIN","JUNIN","2021",295
"JUNIN","JUNIN","2020",324
"JUNIN","SATIPO","2014",NA
"JUNIN","SATIPO","2015",906
"JUNIN","SATIPO","2016",2376
"JUNIN","SATIPO","2017",2615
"JUNIN","SATIPO","2018",2625
"JUNIN","SATIPO","2019",2697
"JUNIN","SATIPO","2022",4033
"JUNIN","SATIPO","2021",3795
"JUNIN","SATIPO","2020",2636
"JUNIN","TARMA","2014",NA
"JUNIN","TARMA","2015",648
"JUNIN","TARMA","2016",1445
"JUNIN","TARMA","2017",1402
"JUNIN","TARMA","2018",1381
"JUNIN","TARMA","2019",1313
"JUNIN","TARMA","2022",1256
"JUNIN","TARMA","2021",1129
"JUNIN","TARMA","2020",1283
"JUNIN","YAULI","2014",NA
"JUNIN","YAULI","2015",175
"JUNIN","YAULI","2016",407
"JUNIN","YAULI","2017",374
"JUNIN","YAULI","2018",402
"JUNIN","YAULI","2019",374
"JUNIN","YAULI","2022",310
"JUNIN","YAULI","2021",256
"JUNIN","YAULI","2020",338
"LA LIBERTAD","ASCOPE","2014",556
"LA LIBERTAD","ASCOPE","2015",1270
"LA LIBERTAD","ASCOPE","2016",1247
"LA LIBERTAD","ASCOPE","2017",1162
"LA LIBERTAD","ASCOPE","2018",1244
"LA LIBERTAD","ASCOPE","2019",1082
"LA LIBERTAD","ASCOPE","2022",878
"LA LIBERTAD","ASCOPE","2021",952
"LA LIBERTAD","ASCOPE","2020",969
"LA LIBERTAD","BOLIVAR","2014",27
"LA LIBERTAD","BOLIVAR","2015",27
"LA LIBERTAD","BOLIVAR","2016",45
"LA LIBERTAD","BOLIVAR","2017",35
"LA LIBERTAD","BOLIVAR","2018",68
"LA LIBERTAD","BOLIVAR","2019",94
"LA LIBERTAD","BOLIVAR","2022",262
"LA LIBERTAD","BOLIVAR","2021",288
"LA LIBERTAD","BOLIVAR","2020",137
"LA LIBERTAD","CHEPEN","2014",1192
"LA LIBERTAD","CHEPEN","2015",1183
"LA LIBERTAD","CHEPEN","2016",1310
"LA LIBERTAD","CHEPEN","2017",1212
"LA LIBERTAD","CHEPEN","2018",1264
"LA LIBERTAD","CHEPEN","2019",1126
"LA LIBERTAD","CHEPEN","2022",1077
"LA LIBERTAD","CHEPEN","2021",1065
"LA LIBERTAD","CHEPEN","2020",973
"LA LIBERTAD","GRAN CHIMU","2014",94
"LA LIBERTAD","GRAN CHIMU","2015",70
"LA LIBERTAD","GRAN CHIMU","2016",113
"LA LIBERTAD","GRAN CHIMU","2017",94
"LA LIBERTAD","GRAN CHIMU","2018",138
"LA LIBERTAD","GRAN CHIMU","2019",134
"LA LIBERTAD","GRAN CHIMU","2022",204
"LA LIBERTAD","GRAN CHIMU","2021",287
"LA LIBERTAD","GRAN CHIMU","2020",197
"LA LIBERTAD","JULCAN","2014",18
"LA LIBERTAD","JULCAN","2015",122
"LA LIBERTAD","JULCAN","2016",222
"LA LIBERTAD","JULCAN","2017",246
"LA LIBERTAD","JULCAN","2018",239
"LA LIBERTAD","JULCAN","2019",231
"LA LIBERTAD","JULCAN","2022",412
"LA LIBERTAD","JULCAN","2021",414
"LA LIBERTAD","JULCAN","2020",297
"LA LIBERTAD","OTUZCO","2014",342
"LA LIBERTAD","OTUZCO","2015",485
"LA LIBERTAD","OTUZCO","2016",586
"LA LIBERTAD","OTUZCO","2017",578
"LA LIBERTAD","OTUZCO","2018",529
"LA LIBERTAD","OTUZCO","2019",505
"LA LIBERTAD","OTUZCO","2022",582
"LA LIBERTAD","OTUZCO","2021",629
"LA LIBERTAD","OTUZCO","2020",582
"LA LIBERTAD","PACASMAYO","2014",1161
"LA LIBERTAD","PACASMAYO","2015",1157
"LA LIBERTAD","PACASMAYO","2016",1154
"LA LIBERTAD","PACASMAYO","2017",1066
"LA LIBERTAD","PACASMAYO","2018",1070
"LA LIBERTAD","PACASMAYO","2019",1039
"LA LIBERTAD","PACASMAYO","2022",1031
"LA LIBERTAD","PACASMAYO","2021",910
"LA LIBERTAD","PACASMAYO","2020",875
"LA LIBERTAD","PATAZ","2014",82
"LA LIBERTAD","PATAZ","2015",187
"LA LIBERTAD","PATAZ","2016",489
"LA LIBERTAD","PATAZ","2017",685
"LA LIBERTAD","PATAZ","2018",680
"LA LIBERTAD","PATAZ","2019",680
"LA LIBERTAD","PATAZ","2022",818
"LA LIBERTAD","PATAZ","2021",802
"LA LIBERTAD","PATAZ","2020",722
"LA LIBERTAD","SANCHEZ CARRION","2014",163
"LA LIBERTAD","SANCHEZ CARRION","2015",1114
"LA LIBERTAD","SANCHEZ CARRION","2016",1913
"LA LIBERTAD","SANCHEZ CARRION","2017",2270
"LA LIBERTAD","SANCHEZ CARRION","2018",2386
"LA LIBERTAD","SANCHEZ CARRION","2019",2235
"LA LIBERTAD","SANCHEZ CARRION","2022",3573
"LA LIBERTAD","SANCHEZ CARRION","2021",2916
"LA LIBERTAD","SANCHEZ CARRION","2020",2165
"LA LIBERTAD","SANTIAGO DE CHUCO","2014",132
"LA LIBERTAD","SANTIAGO DE CHUCO","2015",596
"LA LIBERTAD","SANTIAGO DE CHUCO","2016",490
"LA LIBERTAD","SANTIAGO DE CHUCO","2017",559
"LA LIBERTAD","SANTIAGO DE CHUCO","2018",529
"LA LIBERTAD","SANTIAGO DE CHUCO","2019",562
"LA LIBERTAD","SANTIAGO DE CHUCO","2022",829
"LA LIBERTAD","SANTIAGO DE CHUCO","2021",634
"LA LIBERTAD","SANTIAGO DE CHUCO","2020",540
"LA LIBERTAD","TRUJILLO","2014",10672
"LA LIBERTAD","TRUJILLO","2015",15352
"LA LIBERTAD","TRUJILLO","2016",15178
"LA LIBERTAD","TRUJILLO","2017",15827
"LA LIBERTAD","TRUJILLO","2018",16661
"LA LIBERTAD","TRUJILLO","2019",17112
"LA LIBERTAD","TRUJILLO","2022",17016
"LA LIBERTAD","TRUJILLO","2021",16640
"LA LIBERTAD","TRUJILLO","2020",15438
"LA LIBERTAD","VIRU","2014",473
"LA LIBERTAD","VIRU","2015",546
"LA LIBERTAD","VIRU","2016",930
"LA LIBERTAD","VIRU","2017",928
"LA LIBERTAD","VIRU","2018",999
"LA LIBERTAD","VIRU","2019",1170
"LA LIBERTAD","VIRU","2022",1333
"LA LIBERTAD","VIRU","2021",1268
"LA LIBERTAD","VIRU","2020",1217
"LAMBAYEQUE","CHICLAYO","2014",3040
"LAMBAYEQUE","CHICLAYO","2015",9404
"LAMBAYEQUE","CHICLAYO","2016",13180
"LAMBAYEQUE","CHICLAYO","2017",13715
"LAMBAYEQUE","CHICLAYO","2018",13776
"LAMBAYEQUE","CHICLAYO","2019",13517
"LAMBAYEQUE","CHICLAYO","2022",12206
"LAMBAYEQUE","CHICLAYO","2021",11541
"LAMBAYEQUE","CHICLAYO","2020",10930
"LAMBAYEQUE","FERREÑAFE","2014",686
"LAMBAYEQUE","FERREÑAFE","2015",740
"LAMBAYEQUE","FERREÑAFE","2016",717
"LAMBAYEQUE","FERREÑAFE","2017",799
"LAMBAYEQUE","FERREÑAFE","2018",854
"LAMBAYEQUE","FERREÑAFE","2019",766
"LAMBAYEQUE","FERREÑAFE","2022",833
"LAMBAYEQUE","FERREÑAFE","2021",898
"LAMBAYEQUE","FERREÑAFE","2020",538
"LAMBAYEQUE","LAMBAYEQUE","2014",3207
"LAMBAYEQUE","LAMBAYEQUE","2015",3902
"LAMBAYEQUE","LAMBAYEQUE","2016",4167
"LAMBAYEQUE","LAMBAYEQUE","2017",4653
"LAMBAYEQUE","LAMBAYEQUE","2018",4978
"LAMBAYEQUE","LAMBAYEQUE","2019",4744
"LAMBAYEQUE","LAMBAYEQUE","2022",5518
"LAMBAYEQUE","LAMBAYEQUE","2021",5422
"LAMBAYEQUE","LAMBAYEQUE","2020",3806
"LIMA","BARRANCA","2014",4
"LIMA","BARRANCA","2015",1364
"LIMA","BARRANCA","2016",2226
"LIMA","BARRANCA","2017",2225
"LIMA","BARRANCA","2018",2224
"LIMA","BARRANCA","2019",1981
"LIMA","BARRANCA","2022",1953
"LIMA","BARRANCA","2021",2035
"LIMA","BARRANCA","2020",1927
"LIMA","CAÑETE","2014",2515
"LIMA","CAÑETE","2015",3000
"LIMA","CAÑETE","2016",4125
"LIMA","CAÑETE","2017",4263
"LIMA","CAÑETE","2018",4113
"LIMA","CAÑETE","2019",3959
"LIMA","CAÑETE","2022",3852
"LIMA","CAÑETE","2021",3867
"LIMA","CAÑETE","2020",3988
"LIMA","HUARAL","2014",1945
"LIMA","HUARAL","2015",2825
"LIMA","HUARAL","2016",2673
"LIMA","HUARAL","2017",2713
"LIMA","HUARAL","2018",2745
"LIMA","HUARAL","2019",2706
"LIMA","HUARAL","2022",2655
"LIMA","HUARAL","2021",2711
"LIMA","HUARAL","2020",2597
"LIMA","HUAROCHIRI","2014",130
"LIMA","HUAROCHIRI","2015",172
"LIMA","HUAROCHIRI","2016",241
"LIMA","HUAROCHIRI","2017",202
"LIMA","HUAROCHIRI","2018",217
"LIMA","HUAROCHIRI","2019",232
"LIMA","HUAROCHIRI","2022",186
"LIMA","HUAROCHIRI","2021",228
"LIMA","HUAROCHIRI","2020",258
"LIMA","HUAURA","2014",2985
"LIMA","HUAURA","2015",2971
"LIMA","HUAURA","2016",3086
"LIMA","HUAURA","2017",3503
"LIMA","HUAURA","2018",4775
"LIMA","HUAURA","2019",4499
"LIMA","HUAURA","2022",4322
"LIMA","HUAURA","2021",4248
"LIMA","HUAURA","2020",4399
"LIMA","LIMA","2014",108585
"LIMA","LIMA","2015",131173
"LIMA","LIMA","2016",135618
"LIMA","LIMA","2017",137196
"LIMA","LIMA","2018",145370
"LIMA","LIMA","2019",141402
"LIMA","LIMA","2022",116437
"LIMA","LIMA","2021",116009
"LIMA","LIMA","2020",132428
"LORETO","ALTO AMAZONAS","2014",730
"LORETO","ALTO AMAZONAS","2015",2242
"LORETO","ALTO AMAZONAS","2016",2474
"LORETO","ALTO AMAZONAS","2017",3422
"LORETO","ALTO AMAZONAS","2018",3321
"LORETO","ALTO AMAZONAS","2019",3337
"LORETO","ALTO AMAZONAS","2022",3625
"LORETO","ALTO AMAZONAS","2021",3938
"LORETO","ALTO AMAZONAS","2020",3356
"LORETO","DATEM DEL MARAÑON","2014",144
"LORETO","DATEM DEL MARAÑON","2015",270
"LORETO","DATEM DEL MARAÑON","2016",361
"LORETO","DATEM DEL MARAÑON","2017",492
"LORETO","DATEM DEL MARAÑON","2018",588
"LORETO","DATEM DEL MARAÑON","2019",538
"LORETO","DATEM DEL MARAÑON","2022",768
"LORETO","DATEM DEL MARAÑON","2021",754
"LORETO","DATEM DEL MARAÑON","2020",564
"LORETO","LORETO","2014",177
"LORETO","LORETO","2015",449
"LORETO","LORETO","2016",490
"LORETO","LORETO","2017",673
"LORETO","LORETO","2018",658
"LORETO","LORETO","2019",747
"LORETO","LORETO","2022",1097
"LORETO","LORETO","2021",1264
"LORETO","LORETO","2020",766
"LORETO","MARISCAL RAMON CASTILLA","2014",86
"LORETO","MARISCAL RAMON CASTILLA","2015",265
"LORETO","MARISCAL RAMON CASTILLA","2016",505
"LORETO","MARISCAL RAMON CASTILLA","2017",918
"LORETO","MARISCAL RAMON CASTILLA","2018",977
"LORETO","MARISCAL RAMON CASTILLA","2019",946
"LORETO","MARISCAL RAMON CASTILLA","2022",1071
"LORETO","MARISCAL RAMON CASTILLA","2021",1107
"LORETO","MARISCAL RAMON CASTILLA","2020",821
"LORETO","MAYNAS","2014",2918
"LORETO","MAYNAS","2015",8516
"LORETO","MAYNAS","2016",10281
"LORETO","MAYNAS","2017",10944
"LORETO","MAYNAS","2018",10952
"LORETO","MAYNAS","2019",10937
"LORETO","MAYNAS","2022",10606
"LORETO","MAYNAS","2021",11791
"LORETO","MAYNAS","2020",9934
"LORETO","PUTUMAYO","2014",NA
"LORETO","PUTUMAYO","2015",NA
"LORETO","PUTUMAYO","2016",NA
"LORETO","PUTUMAYO","2017",58
"LORETO","PUTUMAYO","2018",55
"LORETO","PUTUMAYO","2019",47
"LORETO","PUTUMAYO","2022",100
"LORETO","PUTUMAYO","2021",108
"LORETO","PUTUMAYO","2020",67
"LORETO","REQUENA","2014",7
"LORETO","REQUENA","2015",27
"LORETO","REQUENA","2016",625
"LORETO","REQUENA","2017",710
"LORETO","REQUENA","2018",801
"LORETO","REQUENA","2019",671
"LORETO","REQUENA","2022",1035
"LORETO","REQUENA","2021",1028
"LORETO","REQUENA","2020",690
"LORETO","UCAYALI","2014",NA
"LORETO","UCAYALI","2015",41
"LORETO","UCAYALI","2016",436
"LORETO","UCAYALI","2017",847
"LORETO","UCAYALI","2018",716
"LORETO","UCAYALI","2019",805
"LORETO","UCAYALI","2022",1271
"LORETO","UCAYALI","2021",1163
"LORETO","UCAYALI","2020",760
"MADRE DE DIOS","MANU","2014",NA
"MADRE DE DIOS","MANU","2015",1
"MADRE DE DIOS","MANU","2016",37
"MADRE DE DIOS","MANU","2017",123
"MADRE DE DIOS","MANU","2018",107
"MADRE DE DIOS","MANU","2019",83
"MADRE DE DIOS","MANU","2022",153
"MADRE DE DIOS","MANU","2021",136
"MADRE DE DIOS","MANU","2020",146
"MADRE DE DIOS","TAHUAMANU","2014",100
"MADRE DE DIOS","TAHUAMANU","2015",137
"MADRE DE DIOS","TAHUAMANU","2016",110
"MADRE DE DIOS","TAHUAMANU","2017",132
"MADRE DE DIOS","TAHUAMANU","2018",127
"MADRE DE DIOS","TAHUAMANU","2019",134
"MADRE DE DIOS","TAHUAMANU","2022",110
"MADRE DE DIOS","TAHUAMANU","2021",135
"MADRE DE DIOS","TAHUAMANU","2020",138
"MADRE DE DIOS","TAMBOPATA","2014",2060
"MADRE DE DIOS","TAMBOPATA","2015",2678
"MADRE DE DIOS","TAMBOPATA","2016",2889
"MADRE DE DIOS","TAMBOPATA","2017",3418
"MADRE DE DIOS","TAMBOPATA","2018",3588
"MADRE DE DIOS","TAMBOPATA","2019",3532
"MADRE DE DIOS","TAMBOPATA","2022",3815
"MADRE DE DIOS","TAMBOPATA","2021",3525
"MADRE DE DIOS","TAMBOPATA","2020",3473
"MOQUEGUA","GENERAL SANCHEZ CERRO","2014",2
"MOQUEGUA","GENERAL SANCHEZ CERRO","2015",35
"MOQUEGUA","GENERAL SANCHEZ CERRO","2016",43
"MOQUEGUA","GENERAL SANCHEZ CERRO","2017",24
"MOQUEGUA","GENERAL SANCHEZ CERRO","2018",22
"MOQUEGUA","GENERAL SANCHEZ CERRO","2019",16
"MOQUEGUA","GENERAL SANCHEZ CERRO","2022",20
"MOQUEGUA","GENERAL SANCHEZ CERRO","2021",23
"MOQUEGUA","GENERAL SANCHEZ CERRO","2020",41
"MOQUEGUA","ILO","2014",1175
"MOQUEGUA","ILO","2015",1193
"MOQUEGUA","ILO","2016",1091
"MOQUEGUA","ILO","2017",1083
"MOQUEGUA","ILO","2018",1001
"MOQUEGUA","ILO","2019",1032
"MOQUEGUA","ILO","2022",942
"MOQUEGUA","ILO","2021",841
"MOQUEGUA","ILO","2020",1039
"MOQUEGUA","MARISCAL NIETO","2014",1275
"MOQUEGUA","MARISCAL NIETO","2015",1351
"MOQUEGUA","MARISCAL NIETO","2016",1316
"MOQUEGUA","MARISCAL NIETO","2017",1324
"MOQUEGUA","MARISCAL NIETO","2018",1221
"MOQUEGUA","MARISCAL NIETO","2019",1229
"MOQUEGUA","MARISCAL NIETO","2022",1099
"MOQUEGUA","MARISCAL NIETO","2021",1008
"MOQUEGUA","MARISCAL NIETO","2020",1201
"PASCO","DANIEL ALCIDES CARRION","2014",NA
"PASCO","DANIEL ALCIDES CARRION","2015",157
"PASCO","DANIEL ALCIDES CARRION","2016",176
"PASCO","DANIEL ALCIDES CARRION","2017",181
"PASCO","DANIEL ALCIDES CARRION","2018",184
"PASCO","DANIEL ALCIDES CARRION","2019",197
"PASCO","DANIEL ALCIDES CARRION","2022",152
"PASCO","DANIEL ALCIDES CARRION","2021",206
"PASCO","DANIEL ALCIDES CARRION","2020",224
"PASCO","OXAPAMPA","2014",574
"PASCO","OXAPAMPA","2015",1517
"PASCO","OXAPAMPA","2016",1730
"PASCO","OXAPAMPA","2017",1944
"PASCO","OXAPAMPA","2018",1713
"PASCO","OXAPAMPA","2019",1783
"PASCO","OXAPAMPA","2022",1918
"PASCO","OXAPAMPA","2021",2026
"PASCO","OXAPAMPA","2020",1775
"PASCO","PASCO","2014",1637
"PASCO","PASCO","2015",2543
"PASCO","PASCO","2016",2450
"PASCO","PASCO","2017",2494
"PASCO","PASCO","2018",2285
"PASCO","PASCO","2019",2227
"PASCO","PASCO","2022",2116
"PASCO","PASCO","2021",1935
"PASCO","PASCO","2020",2245
"PIURA","AYABACA","2014",179
"PIURA","AYABACA","2015",472
"PIURA","AYABACA","2016",727
"PIURA","AYABACA","2017",836
"PIURA","AYABACA","2018",798
"PIURA","AYABACA","2019",785
"PIURA","AYABACA","2022",1331
"PIURA","AYABACA","2021",1586
"PIURA","AYABACA","2020",899
"PIURA","HUANCABAMBA","2014",38
"PIURA","HUANCABAMBA","2015",523
"PIURA","HUANCABAMBA","2016",759
"PIURA","HUANCABAMBA","2017",749
"PIURA","HUANCABAMBA","2018",797
"PIURA","HUANCABAMBA","2019",768
"PIURA","HUANCABAMBA","2022",1728
"PIURA","HUANCABAMBA","2021",1990
"PIURA","HUANCABAMBA","2020",955
"PIURA","MORROPON","2014",1708
"PIURA","MORROPON","2015",2061
"PIURA","MORROPON","2016",2320
"PIURA","MORROPON","2017",2340
"PIURA","MORROPON","2018",2422
"PIURA","MORROPON","2019",2407
"PIURA","MORROPON","2022",2986
"PIURA","MORROPON","2021",2947
"PIURA","MORROPON","2020",2212
"PIURA","PAITA","2014",948
"PIURA","PAITA","2015",1384
"PIURA","PAITA","2016",1598
"PIURA","PAITA","2017",1776
"PIURA","PAITA","2018",1959
"PIURA","PAITA","2019",1904
"PIURA","PAITA","2022",1773
"PIURA","PAITA","2021",1738
"PIURA","PAITA","2020",1669
"PIURA","PIURA","2014",7788
"PIURA","PIURA","2015",9680
"PIURA","PIURA","2016",10829
"PIURA","PIURA","2017",11275
"PIURA","PIURA","2018",12512
"PIURA","PIURA","2019",11737
"PIURA","PIURA","2022",13829
"PIURA","PIURA","2021",13968
"PIURA","PIURA","2020",10533
"PIURA","SECHURA","2014",352
"PIURA","SECHURA","2015",599
"PIURA","SECHURA","2016",903
"PIURA","SECHURA","2017",635
"PIURA","SECHURA","2018",611
"PIURA","SECHURA","2019",633
"PIURA","SECHURA","2022",650
"PIURA","SECHURA","2021",631
"PIURA","SECHURA","2020",527
"PIURA","SULLANA","2014",4419
"PIURA","SULLANA","2015",4314
"PIURA","SULLANA","2016",4776
"PIURA","SULLANA","2017",5725
"PIURA","SULLANA","2018",6711
"PIURA","SULLANA","2019",6607
"PIURA","SULLANA","2022",8361
"PIURA","SULLANA","2021",8095
"PIURA","SULLANA","2020",6124
"PIURA","TALARA","2014",707
"PIURA","TALARA","2015",930
"PIURA","TALARA","2016",754
"PIURA","TALARA","2017",691
"PIURA","TALARA","2018",1440
"PIURA","TALARA","2019",1227
"PIURA","TALARA","2022",1304
"PIURA","TALARA","2021",1113
"PIURA","TALARA","2020",1135
"PUNO","AZANGARO","2014",36
"PUNO","AZANGARO","2015",684
"PUNO","AZANGARO","2016",1218
"PUNO","AZANGARO","2017",1152
"PUNO","AZANGARO","2018",1111
"PUNO","AZANGARO","2019",1045
"PUNO","AZANGARO","2022",1157
"PUNO","AZANGARO","2021",1208
"PUNO","AZANGARO","2020",1233
"PUNO","CARABAYA","2014",171
"PUNO","CARABAYA","2015",329
"PUNO","CARABAYA","2016",463
"PUNO","CARABAYA","2017",523
"PUNO","CARABAYA","2018",663
"PUNO","CARABAYA","2019",594
"PUNO","CARABAYA","2022",957
"PUNO","CARABAYA","2021",916
"PUNO","CARABAYA","2020",829
"PUNO","CHUCUITO","2014",212
"PUNO","CHUCUITO","2015",617
"PUNO","CHUCUITO","2016",852
"PUNO","CHUCUITO","2017",776
"PUNO","CHUCUITO","2018",724
"PUNO","CHUCUITO","2019",689
"PUNO","CHUCUITO","2022",754
"PUNO","CHUCUITO","2021",711
"PUNO","CHUCUITO","2020",768
"PUNO","EL COLLAO","2014",455
"PUNO","EL COLLAO","2015",814
"PUNO","EL COLLAO","2016",752
"PUNO","EL COLLAO","2017",734
"PUNO","EL COLLAO","2018",764
"PUNO","EL COLLAO","2019",644
"PUNO","EL COLLAO","2022",695
"PUNO","EL COLLAO","2021",673
"PUNO","EL COLLAO","2020",680
"PUNO","HUANCANE","2014",180
"PUNO","HUANCANE","2015",444
"PUNO","HUANCANE","2016",598
"PUNO","HUANCANE","2017",599
"PUNO","HUANCANE","2018",645
"PUNO","HUANCANE","2019",525
"PUNO","HUANCANE","2022",496
"PUNO","HUANCANE","2021",700
"PUNO","HUANCANE","2020",665
"PUNO","LAMPA","2014",105
"PUNO","LAMPA","2015",216
"PUNO","LAMPA","2016",266
"PUNO","LAMPA","2017",243
"PUNO","LAMPA","2018",275
"PUNO","LAMPA","2019",269
"PUNO","LAMPA","2022",332
"PUNO","LAMPA","2021",298
"PUNO","LAMPA","2020",329
"PUNO","MELGAR","2014",392
"PUNO","MELGAR","2015",729
"PUNO","MELGAR","2016",912
"PUNO","MELGAR","2017",877
"PUNO","MELGAR","2018",886
"PUNO","MELGAR","2019",830
"PUNO","MELGAR","2022",920
"PUNO","MELGAR","2021",930
"PUNO","MELGAR","2020",946
"PUNO","MOHO","2014",NA
"PUNO","MOHO","2015",35
"PUNO","MOHO","2016",82
"PUNO","MOHO","2017",79
"PUNO","MOHO","2018",82
"PUNO","MOHO","2019",47
"PUNO","MOHO","2022",79
"PUNO","MOHO","2021",75
"PUNO","MOHO","2020",114
"PUNO","PUNO","2014",2289
"PUNO","PUNO","2015",3072
"PUNO","PUNO","2016",3420
"PUNO","PUNO","2017",3540
"PUNO","PUNO","2018",3331
"PUNO","PUNO","2019",3308
"PUNO","PUNO","2022",2732
"PUNO","PUNO","2021",2486
"PUNO","PUNO","2020",2934
"PUNO","SAN ANTONIO DE PUTINA","2014",NA
"PUNO","SAN ANTONIO DE PUTINA","2015",2
"PUNO","SAN ANTONIO DE PUTINA","2016",80
"PUNO","SAN ANTONIO DE PUTINA","2017",247
"PUNO","SAN ANTONIO DE PUTINA","2018",227
"PUNO","SAN ANTONIO DE PUTINA","2019",165
"PUNO","SAN ANTONIO DE PUTINA","2022",184
"PUNO","SAN ANTONIO DE PUTINA","2021",173
"PUNO","SAN ANTONIO DE PUTINA","2020",207
"PUNO","SAN ROMAN","2014",3620
"PUNO","SAN ROMAN","2015",4569
"PUNO","SAN ROMAN","2016",5956
"PUNO","SAN ROMAN","2017",6136
"PUNO","SAN ROMAN","2018",6339
"PUNO","SAN ROMAN","2019",6606
"PUNO","SAN ROMAN","2022",5391
"PUNO","SAN ROMAN","2021",5163
"PUNO","SAN ROMAN","2020",5655
"PUNO","SANDIA","2014",90
"PUNO","SANDIA","2015",195
"PUNO","SANDIA","2016",396
"PUNO","SANDIA","2017",465
"PUNO","SANDIA","2018",489
"PUNO","SANDIA","2019",434
"PUNO","SANDIA","2022",402
"PUNO","SANDIA","2021",587
"PUNO","SANDIA","2020",647
"PUNO","YUNGUYO","2014",157
"PUNO","YUNGUYO","2015",362
"PUNO","YUNGUYO","2016",385
"PUNO","YUNGUYO","2017",346
"PUNO","YUNGUYO","2018",330
"PUNO","YUNGUYO","2019",352
"PUNO","YUNGUYO","2022",381
"PUNO","YUNGUYO","2021",398
"PUNO","YUNGUYO","2020",348
"SAN MARTIN","BELLAVISTA","2014",10
"SAN MARTIN","BELLAVISTA","2015",369
"SAN MARTIN","BELLAVISTA","2016",500
"SAN MARTIN","BELLAVISTA","2017",602
"SAN MARTIN","BELLAVISTA","2018",565
"SAN MARTIN","BELLAVISTA","2019",523
"SAN MARTIN","BELLAVISTA","2022",1097
"SAN MARTIN","BELLAVISTA","2021",898
"SAN MARTIN","BELLAVISTA","2020",495
"SAN MARTIN","EL DORADO","2014",NA
"SAN MARTIN","EL DORADO","2015",420
"SAN MARTIN","EL DORADO","2016",540
"SAN MARTIN","EL DORADO","2017",489
"SAN MARTIN","EL DORADO","2018",470
"SAN MARTIN","EL DORADO","2019",427
"SAN MARTIN","EL DORADO","2022",499
"SAN MARTIN","EL DORADO","2021",612
"SAN MARTIN","EL DORADO","2020",457
"SAN MARTIN","HUALLAGA","2014",NA
"SAN MARTIN","HUALLAGA","2015",NA
"SAN MARTIN","HUALLAGA","2016",201
"SAN MARTIN","HUALLAGA","2017",166
"SAN MARTIN","HUALLAGA","2018",173
"SAN MARTIN","HUALLAGA","2019",172
"SAN MARTIN","HUALLAGA","2022",309
"SAN MARTIN","HUALLAGA","2021",272
"SAN MARTIN","HUALLAGA","2020",149
"SAN MARTIN","LAMAS","2014",NA
"SAN MARTIN","LAMAS","2015",317
"SAN MARTIN","LAMAS","2016",756
"SAN MARTIN","LAMAS","2017",836
"SAN MARTIN","LAMAS","2018",662
"SAN MARTIN","LAMAS","2019",712
"SAN MARTIN","LAMAS","2022",794
"SAN MARTIN","LAMAS","2021",919
"SAN MARTIN","LAMAS","2020",711
"SAN MARTIN","MARISCAL CACERES","2014",NA
"SAN MARTIN","MARISCAL CACERES","2015",791
"SAN MARTIN","MARISCAL CACERES","2016",944
"SAN MARTIN","MARISCAL CACERES","2017",1009
"SAN MARTIN","MARISCAL CACERES","2018",925
"SAN MARTIN","MARISCAL CACERES","2019",1004
"SAN MARTIN","MARISCAL CACERES","2022",1193
"SAN MARTIN","MARISCAL CACERES","2021",1320
"SAN MARTIN","MARISCAL CACERES","2020",1057
"SAN MARTIN","MOYOBAMBA","2014",187
"SAN MARTIN","MOYOBAMBA","2015",2062
"SAN MARTIN","MOYOBAMBA","2016",2485
"SAN MARTIN","MOYOBAMBA","2017",2416
"SAN MARTIN","MOYOBAMBA","2018",2465
"SAN MARTIN","MOYOBAMBA","2019",2513
"SAN MARTIN","MOYOBAMBA","2022",2585
"SAN MARTIN","MOYOBAMBA","2021",2599
"SAN MARTIN","MOYOBAMBA","2020",2181
"SAN MARTIN","PICOTA","2014",NA
"SAN MARTIN","PICOTA","2015",NA
"SAN MARTIN","PICOTA","2016",332
"SAN MARTIN","PICOTA","2017",464
"SAN MARTIN","PICOTA","2018",418
"SAN MARTIN","PICOTA","2019",392
"SAN MARTIN","PICOTA","2022",634
"SAN MARTIN","PICOTA","2021",610
"SAN MARTIN","PICOTA","2020",438
"SAN MARTIN","RIOJA","2014",NA
"SAN MARTIN","RIOJA","2015",1761
"SAN MARTIN","RIOJA","2016",2245
"SAN MARTIN","RIOJA","2017",2459
"SAN MARTIN","RIOJA","2018",2223
"SAN MARTIN","RIOJA","2019",2175
"SAN MARTIN","RIOJA","2022",2299
"SAN MARTIN","RIOJA","2021",2402
"SAN MARTIN","RIOJA","2020",2118
"SAN MARTIN","SAN MARTIN","2014",2950
"SAN MARTIN","SAN MARTIN","2015",4265
"SAN MARTIN","SAN MARTIN","2016",4855
"SAN MARTIN","SAN MARTIN","2017",5440
"SAN MARTIN","SAN MARTIN","2018",5202
"SAN MARTIN","SAN MARTIN","2019",5492
"SAN MARTIN","SAN MARTIN","2022",5400
"SAN MARTIN","SAN MARTIN","2021",5220
"SAN MARTIN","SAN MARTIN","2020",4782
"SAN MARTIN","TOCACHE","2014",NA
"SAN MARTIN","TOCACHE","2015",845
"SAN MARTIN","TOCACHE","2016",1194
"SAN MARTIN","TOCACHE","2017",1394
"SAN MARTIN","TOCACHE","2018",1353
"SAN MARTIN","TOCACHE","2019",1374
"SAN MARTIN","TOCACHE","2022",1631
"SAN MARTIN","TOCACHE","2021",1702
"SAN MARTIN","TOCACHE","2020",1360
"TACNA","CANDARAVE","2014",NA
"TACNA","CANDARAVE","2015",NA
"TACNA","CANDARAVE","2016",3
"TACNA","CANDARAVE","2017",6
"TACNA","CANDARAVE","2018",5
"TACNA","CANDARAVE","2019",3
"TACNA","CANDARAVE","2022",4
"TACNA","CANDARAVE","2021",14
"TACNA","CANDARAVE","2020",9
"TACNA","TACNA","2014",4254
"TACNA","TACNA","2015",5089
"TACNA","TACNA","2016",5029
"TACNA","TACNA","2017",5089
"TACNA","TACNA","2018",5013
"TACNA","TACNA","2019",4855
"TACNA","TACNA","2022",3987
"TACNA","TACNA","2021",3629
"TACNA","TACNA","2020",4396
"TACNA","TARATA","2014",NA
"TACNA","TARATA","2015",NA
"TACNA","TARATA","2016",7
"TACNA","TARATA","2017",23
"TACNA","TARATA","2018",16
"TACNA","TARATA","2019",16
"TACNA","TARATA","2022",6
"TACNA","TARATA","2021",10
"TACNA","TARATA","2020",8
"TUMBES","CONTRALMIRANTE VILLAR","2014",107
"TUMBES","CONTRALMIRANTE VILLAR","2015",121
"TUMBES","CONTRALMIRANTE VILLAR","2016",111
"TUMBES","CONTRALMIRANTE VILLAR","2017",105
"TUMBES","CONTRALMIRANTE VILLAR","2018",124
"TUMBES","CONTRALMIRANTE VILLAR","2019",125
"TUMBES","CONTRALMIRANTE VILLAR","2022",121
"TUMBES","CONTRALMIRANTE VILLAR","2021",136
"TUMBES","CONTRALMIRANTE VILLAR","2020",130
"TUMBES","TUMBES","2014",3503
"TUMBES","TUMBES","2015",3847
"TUMBES","TUMBES","2016",3796
"TUMBES","TUMBES","2017",3792
"TUMBES","TUMBES","2018",3762
"TUMBES","TUMBES","2019",3738
"TUMBES","TUMBES","2022",3122
"TUMBES","TUMBES","2021",3615
"TUMBES","TUMBES","2020",3519
"TUMBES","ZARUMILLA","2014",277
"TUMBES","ZARUMILLA","2015",264
"TUMBES","ZARUMILLA","2016",292
"TUMBES","ZARUMILLA","2017",305
"TUMBES","ZARUMILLA","2018",329
"TUMBES","ZARUMILLA","2019",282
"TUMBES","ZARUMILLA","2022",382
"TUMBES","ZARUMILLA","2021",484
"TUMBES","ZARUMILLA","2020",450
"UCAYALI","ATALAYA","2014",296
"UCAYALI","ATALAYA","2015",641
"UCAYALI","ATALAYA","2016",658
"UCAYALI","ATALAYA","2017",785
"UCAYALI","ATALAYA","2018",766
"UCAYALI","ATALAYA","2019",859
"UCAYALI","ATALAYA","2022",1375
"UCAYALI","ATALAYA","2021",1092
"UCAYALI","ATALAYA","2020",805
"UCAYALI","CORONEL PORTILLO","2014",6594
"UCAYALI","CORONEL PORTILLO","2015",8950
"UCAYALI","CORONEL PORTILLO","2016",9782
"UCAYALI","CORONEL PORTILLO","2017",10608
"UCAYALI","CORONEL PORTILLO","2018",10256
"UCAYALI","CORONEL PORTILLO","2019",10804
"UCAYALI","CORONEL PORTILLO","2022",11634
"UCAYALI","CORONEL PORTILLO","2021",11880
"UCAYALI","CORONEL PORTILLO","2020",10022
"UCAYALI","PADRE ABAD","2014",666
"UCAYALI","PADRE ABAD","2015",412
"UCAYALI","PADRE ABAD","2016",654
"UCAYALI","PADRE ABAD","2017",736
"UCAYALI","PADRE ABAD","2018",830
"UCAYALI","PADRE ABAD","2019",838
"UCAYALI","PADRE ABAD","2022",1052
"UCAYALI","PADRE ABAD","2021",1164
"UCAYALI","PADRE ABAD","2020",919
"UCAYALI","PURUS","2014",NA
"UCAYALI","PURUS","2015",NA
"UCAYALI","PURUS","2016",27
"UCAYALI","PURUS","2017",63
"UCAYALI","PURUS","2018",46
"UCAYALI","PURUS","2019",60
"UCAYALI","PURUS","2022",64
"UCAYALI","PURUS","2021",73
"UCAYALI","PURUS","2020",41
