departamento,provincia,distrito,D,E,F,G,H,I,J,K,total
AMAZONAS,LUYA,CAMPORREDONDO,,,,1,,,,,1
AMAZONAS,LUYA,LONGUITA,,,,,,1,,,1
AMAZONAS,LUYA,OCALLI,,,,1,,,,,1
AMAZONAS,LUYA,OCUMAL,,,,,1,,,,1
AMAZONAS,LUYA,SANTO TOMAS,,,,1,,1,,,2
AMAZONAS,CHACHAPOYAS,BALSAS,,,,,,,,1,1
AMAZONAS,CHACHAPOYAS,CHACHAPOYAS,,,,,,1,,,1
AMAZONAS,CHACHAPOYAS,LEIMEBAMBA,,,,,1,,,,1
AMAZONAS,BAGUA,ARAMANGO,,2,,,,,,,2
AMAZONAS,BAGUA,BAGUA,,5,3,1,5,3,3,1,21
AMAZONAS,BAGUA,IMAZA,,24,11,7,7,6,11,5,71
AMAZONAS,UTCUBAMBA,BAGUA GRANDE,,5,3,3,1,,,,12
AMAZONAS,UTCUBAMBA,CAJARURO,,1,1,1,,1,1,1,6
AMAZONAS,UTCUBAMBA,CUMBA,,,2,,1,,,,3
AMAZONAS,UTCUBAMBA,LONYA GRANDE,,2,,,,,,,2
AMAZONAS,UTCUBAMBA,YAMON,,,,,1,,,,1
AMAZONAS,BONGARA,JUMBILLA,,,,,1,,,,1
AMAZONAS,BONGARA,YAMBRASBAMBA,,,,,,1,,,1
AMAZONAS,CONDORCANQUI,EL CENEPA,,,,,1,,,,1
AMAZONAS,CONDORCANQUI,NIEVA,,,,1,,1,,1,3
AMAZONAS,CONDORCANQUI,RIO SANTIAGO,,,1,,,,,1,2
AMAZONAS,RODRIGUEZ DE MENDOZA,OMIA,,,,1,,1,,,2
AMAZONAS,RODRIGUEZ DE MENDOZA,SAN NICOLAS,,,,,,,1,,1
ANCASH,CASMA,BUENA VISTA ALTA,,,,1,,,,,1
ANCASH,CASMA,CASMA,,,,,,,,3,3
ANCASH,CASMA,YAUTAN,,,,,1,,,,1
ANCASH,SANTA,CHIMBOTE,,,,7,2,,1,5,15
ANCASH,SANTA,COISHCO,,,,,1,,,,1
ANCASH,SANTA,MORO,,1,,,1,,,,2
ANCASH,SANTA,NEPEÑA,,,,1,1,,,,2
ANCASH,SANTA,NUEVO CHIMBOTE,,,10,5,4,,3,20,42
ANCASH,YUNGAY,QUILLO,,,,,,,,1,1
ANCASH,YUNGAY,YUNGAY,,,,,,,4,3,7
ANCASH,HUARAZ,HUARAZ,,,,,1,2,1,1,5
ANCASH,HUARAZ,INDEPENDENCIA,,,,,2,1,1,2,6
ANCASH,HUARAZ,PARIACOTO,,,,1,,,,,1
ANCASH,HUARAZ,TARICA,,,,,1,,,,1
ANCASH,RECUAY,CATAC,,,,1,,,,,1
ANCASH,HUAYLAS,CARAZ,,,,2,2,,8,3,15
ANCASH,HUAYLAS,HUAYLAS,,,,,,,,1,1
ANCASH,BOLOGNESI,CANIS,,,,1,,,,,1
ANCASH,BOLOGNESI,CHIQUIAN,,,1,,1,,,,2
ANCASH,BOLOGNESI,HUALLANCA,,,,1,,,1,,2
ANCASH,CARHUAZ,CARHUAZ,,,,,,,,1,1
ANCASH,CARHUAZ,MARCARA,,,,,1,,,,1
ANCASH,POMABAMBA,POMABAMBA,,,,,1,,1,1,3
ANCASH,POMABAMBA,QUINUABAMBA,,1,,,,,,,1
ANCASH,SIHUAS,HUAYLLABAMBA,,1,,,,,,,1
ANCASH,SIHUAS,SIHUAS,,1,1,,,,,1,3
ANCASH,MARISCAL LUZURIAGA,CASCA,,,,,,,1,,1
ANCASH,AIJA,AIJA,,,,,,,1,,1
APURIMAC,ABANCAY,ABANCAY,,4,,1,8,,,5,18
APURIMAC,ABANCAY,CIRCA,,,,,1,,,,1
APURIMAC,ABANCAY,CURAHUASI,,1,,,,,,,1
APURIMAC,ABANCAY,LAMBRAMA,,,1,1,,,,,2
APURIMAC,ABANCAY,TAMBURCO,,1,,,,,,,1
APURIMAC,COTABAMBAS,COYLLURQUI,,,,,1,,2,,3
APURIMAC,COTABAMBAS,TAMBOBAMBA,,,,1,,,1,,2
APURIMAC,AYMARAES,CHALHUANCA,1,1,,,,,,,2
APURIMAC,AYMARAES,COTARUSE,,1,,,,,1,3,5
APURIMAC,GRAU,CHUQUIBAMBILLA,,,,1,,,,,1
APURIMAC,GRAU,CURPAHUASI,,,1,,,,,,1
APURIMAC,GRAU,MARISCAL GAMARRA,,,,,,,,1,1
APURIMAC,GRAU,VILCABAMBA,,,,,,1,,,1
APURIMAC,ANTABAMBA,ANTABAMBA,,,,,,,1,,1
APURIMAC,ANTABAMBA,OROPESA,,,1,,1,,,,2
APURIMAC,ANTABAMBA,SABAINO,,1,,,,,,,1
APURIMAC,ANDAHUAYLAS,ANDAHUAYLAS,,,1,,2,,3,2,8
APURIMAC,ANDAHUAYLAS,HUANCARAMA,,,,1,,,,,1
APURIMAC,ANDAHUAYLAS,KISHUARA,,,,,,,,1,1
APURIMAC,ANDAHUAYLAS,PACUCHA,,,1,,,,,,1
APURIMAC,ANDAHUAYLAS,PAMPACHIRI,,,,1,,,,,1
APURIMAC,ANDAHUAYLAS,SAN JERONIMO,,,2,,,1,,,3
APURIMAC,ANDAHUAYLAS,SANTA MARIA DE CHICMO,,1,,,,,,,1
APURIMAC,ANDAHUAYLAS,TALAVERA,,,,,2,,1,1,4
APURIMAC,CHINCHEROS,ANCO HUALLO,,,,,,1,,,1
APURIMAC,CHINCHEROS,CHINCHEROS,,,,1,1,1,1,1,5
APURIMAC,CHINCHEROS,COCHARCAS,,,,1,,,,,1
APURIMAC,CHINCHEROS,HUACCANA,,,1,,,,,,1
APURIMAC,CHINCHEROS,LOS CHANKAS,,,,,,1,1,,2
APURIMAC,CHINCHEROS,OCOBAMBA,,,,,,1,,,1
APURIMAC,CHINCHEROS,RANRACANCHA,,,,,,,,1,1
APURIMAC,CHINCHEROS,ROCCHACC,,,,,1,,,,1
AREQUIPA,AREQUIPA,ALTO SELVA ALEGRE,,,,,1,1,2,2,6
AREQUIPA,AREQUIPA,AREQUIPA,,,,,1,1,,2,4
AREQUIPA,AREQUIPA,CAYMA,,,3,1,3,1,1,3,12
AREQUIPA,AREQUIPA,CERRO COLORADO,,5,3,1,5,3,5,4,26
AREQUIPA,AREQUIPA,JACOBO HUNTER,,,1,1,2,,,,4
AREQUIPA,AREQUIPA,JOSE LUIS BUSTAMANTE Y RIVERO,,1,3,,,,,2,6
AREQUIPA,AREQUIPA,LA JOYA,,,1,2,1,,1,4,9
AREQUIPA,AREQUIPA,MARIANO MELGAR,,1,1,2,,2,3,7,16
AREQUIPA,AREQUIPA,MIRAFLORES,,,,3,1,1,,1,6
AREQUIPA,AREQUIPA,PAUCARPATA,,1,3,4,5,3,1,8,25
AREQUIPA,AREQUIPA,QUEQUEÑA,,,,,,,,1,1
AREQUIPA,AREQUIPA,SABANDIA,,,,,1,,,,1
AREQUIPA,AREQUIPA,SACHACA,,,,1,,1,1,1,4
AREQUIPA,AREQUIPA,SOCABAYA,,1,,1,,,1,1,4
AREQUIPA,AREQUIPA,TIABAYA,,,,1,,2,,,3
AREQUIPA,AREQUIPA,UCHUMAYO,,,,,,1,1,,2
AREQUIPA,AREQUIPA,YANAHUARA,,,,,,,,1,1
AREQUIPA,AREQUIPA,YURA,,2,3,3,,,,1,9
AREQUIPA,CARAVELI,CHALA,,,,,,,1,1,2
AREQUIPA,CAMANA,CAMANA,,,,1,,,,2,3
AREQUIPA,CAMANA,MARIANO NICOLAS VALCARCEL,,,,,,,,1,1
AREQUIPA,CAMANA,MARISCAL CACERES,,,,,1,,2,,3
AREQUIPA,CAMANA,OCOÑA,,,,,1,,,,1
AREQUIPA,CAMANA,SAMUEL PASTOR,,,,,,,,1,1
AREQUIPA,ISLAY,COCACHACRA,,,,1,,,,,1
AREQUIPA,ISLAY,DEAN VALDIVIA,,,,2,,,1,,3
AREQUIPA,ISLAY,PUNTA DE BOMBON,,,,,1,,,,1
AREQUIPA,CAYLLOMA,CHIVAY,,,1,,,,,,1
AREQUIPA,CAYLLOMA,MAJES,,,8,6,7,,1,6,28
AREQUIPA,CASTILLA,APLAO,,,,1,,,,,1
AYACUCHO,HUAMANGA,ACOCRO,,,,,,,,1,1
AYACUCHO,HUAMANGA,ACOS VINCHOS,1,,,1,,1,,1,4
AYACUCHO,HUAMANGA,ANDRES AVELINO CACERES DORREGARAY,,,,1,1,1,1,4,8
AYACUCHO,HUAMANGA,AYACUCHO,5,5,6,9,10,13,9,17,74
AYACUCHO,HUAMANGA,CARMEN ALTO,1,3,4,1,3,4,7,7,30
AYACUCHO,HUAMANGA,JESUS NAZARENO,,2,2,3,1,,5,3,16
AYACUCHO,HUAMANGA,OCROS,,,,,1,,1,3,5
AYACUCHO,HUAMANGA,PACAYCASA,,,,,,,,1,1
AYACUCHO,HUAMANGA,QUINUA,,,1,2,,,,2,5
AYACUCHO,HUAMANGA,SAN JOSE DE TICLLAS,,,,,1,1,,,2
AYACUCHO,HUAMANGA,SAN JUAN BAUTISTA,1,3,4,2,4,1,7,8,30
AYACUCHO,HUAMANGA,SOCOS,,,,2,,,1,1,4
AYACUCHO,HUAMANGA,TAMBILLO,,,,,,,1,,1
AYACUCHO,HUAMANGA,VINCHOS,2,1,1,1,1,3,3,,12
AYACUCHO,HUANTA,AYAHUANCO,,,,,,,,1,1
AYACUCHO,HUANTA,CANAYRE,1,,1,1,3,3,6,3,18
AYACUCHO,HUANTA,HUAMANGUILLA,,,,,,,,1,1
AYACUCHO,HUANTA,HUANTA,1,,8,5,9,1,3,8,35
AYACUCHO,HUANTA,IGUAIN,,,1,1,,,1,,3
AYACUCHO,HUANTA,LLOCHEGUA,1,4,4,5,9,4,7,3,37
AYACUCHO,HUANTA,LURICOCHA,,1,1,,2,2,,,6
AYACUCHO,HUANTA,SIVIA,,,3,,1,,2,1,7
AYACUCHO,HUANTA,UCHURACCAY,,,1,,,,,,1
AYACUCHO,LUCANAS,CHAVIÑA,,,2,,,,,,2
AYACUCHO,LUCANAS,PUQUIO,,,,1,,,,,1
AYACUCHO,LUCANAS,SANCOS,,,1,1,,,,,2
AYACUCHO,VICTOR FAJARDO,CANARIA,1,,1,,,,,,2
AYACUCHO,VICTOR FAJARDO,HUANCAPI,,,,,,,1,,1
AYACUCHO,VICTOR FAJARDO,SARHUA,,1,,,,,,,1
AYACUCHO,PARINACOCHAS,CORACORA,,,1,,,,,1,2
AYACUCHO,PARINACOCHAS,PULLO,,,1,,,,,,1
AYACUCHO,LA MAR,ANCHIHUAY,,,2,,,,,,2
AYACUCHO,LA MAR,ANCO,,1,,,,,,,1
AYACUCHO,LA MAR,AYNA,,1,2,1,3,4,6,4,21
AYACUCHO,LA MAR,CHILCAS,,,,,,,,1,1
AYACUCHO,LA MAR,CHUNGUI,,2,,,,1,,1,4
AYACUCHO,LA MAR,SAMUGARI,,,,3,1,4,1,2,11
AYACUCHO,LA MAR,SAN MIGUEL,,,,1,,,,,1
AYACUCHO,LA MAR,SANTA ROSA,1,4,3,4,6,3,7,4,32
AYACUCHO,LA MAR,TAMBO,,,1,,,,,2,3
AYACUCHO,VILCAS HUAMAN,CARHUANCA,1,,,,,,,,1
AYACUCHO,VILCAS HUAMAN,CONCEPCION,1,,,,,,,,1
AYACUCHO,VILCAS HUAMAN,VILCAS HUAMAN,,1,,,,,,,1
AYACUCHO,CANGALLO,CANGALLO,1,1,,,,,1,1,4
AYACUCHO,CANGALLO,CHUSCHI,,,,,,,1,,1
AYACUCHO,CANGALLO,LOS MOROCHUCOS,,1,,,,,,,1
AYACUCHO,CANGALLO,PARAS,,,,,,1,,,1
AYACUCHO,CANGALLO,TOTOS,,,,,,,,2,2
AYACUCHO,SUCRE,CHALCOS,,,,1,,,,,1
AYACUCHO,HUANCA SANCOS,SACSAMARCA,,,,,,,,1,1
CAJAMARCA,JAEN,BELLAVISTA,,,2,2,3,,,,7
CAJAMARCA,JAEN,JAEN,,,1,,,1,4,3,9
CAJAMARCA,JAEN,PUCARA,,,,,,,1,,1
CAJAMARCA,JAEN,SANTA ROSA,,,,,1,,,,1
CAJAMARCA,SAN IGNACIO,LA COIPA,,,,,1,,,,1
CAJAMARCA,SAN IGNACIO,SAN IGNACIO,,1,,,,,4,7,12
CAJAMARCA,CAJAMARCA,CAJAMARCA,,,1,,,1,,,2
CAJAMARCA,CUTERVO,CUTERVO,,,,,,,,2,2
CAJAMARCA,CUTERVO,LA RAMADA,,,,,,,,1,1
CAJAMARCA,CUTERVO,SAN LUIS DE LUCMA,,,,1,,,,,1
CAJAMARCA,CUTERVO,SANTO TOMAS,,,,,,1,,,1
CAJAMARCA,CUTERVO,SOCOTA,,,,,,,,1,1
CAJAMARCA,CHOTA,CHOTA,,3,1,,,,,,4
CAJAMARCA,CHOTA,LAJAS,,,1,,,,,,1
CAJAMARCA,CHOTA,LLAMA,,,,,1,,,,1
CAJAMARCA,SAN MIGUEL,SAN MIGUEL,,,,,,,,2,2
CAJAMARCA,SAN MIGUEL,UNION AGUA BLANCA,,,1,,,,,1,2
CALLAO,CALLAO,BELLAVISTA,,1,1,6,11,9,9,4,41
CALLAO,CALLAO,CALLAO,,5,17,34,64,53,57,43,273
CALLAO,CALLAO,CARMEN DE LA LEGUA-REYNOSO,,,1,2,,3,3,6,15
CALLAO,CALLAO,LA PERLA,,1,,2,6,2,5,6,22
CALLAO,CALLAO,LA PUNTA,,,,,,,,1,1
CALLAO,CALLAO,MI PERU,,,1,1,,,1,,3
CALLAO,CALLAO,VENTANILLA,,1,18,9,18,18,30,22,116
CUSCO,ANTA,ANCAHUASI,,1,,1,,1,1,1,5
CUSCO,ANTA,ANTA,,1,1,1,4,3,2,1,13
CUSCO,ANTA,CACHIMAYO,,,,,1,,,,1
CUSCO,ANTA,CHINCHAYPUJIO,,,,,1,,1,,2
CUSCO,ANTA,HUAROCONDO,,,,,1,1,,1,3
CUSCO,ANTA,LIMATAMBO,,1,1,1,,,,,3
CUSCO,ANTA,MOLLEPATA,,,,,,,,1,1
CUSCO,ANTA,PUCYURA,,,1,1,,,,,2
CUSCO,ANTA,ZURITE,,,1,,,,,,1
CUSCO,CUSCO,CUSCO,,2,2,8,7,6,9,8,42
CUSCO,CUSCO,POROY,,,,,,1,2,,3
CUSCO,CUSCO,SAN JERONIMO,,1,2,1,5,5,5,9,28
CUSCO,CUSCO,SAN SEBASTIAN,,11,6,5,5,4,7,5,43
CUSCO,CUSCO,SANTIAGO,,4,19,11,16,11,20,13,94
CUSCO,CUSCO,SAYLLA,,,1,3,1,1,,1,7
CUSCO,CUSCO,WANCHAQ,,,1,4,4,3,2,4,18
CUSCO,CHUMBIVILCAS,CAPACMARCA,,,,1,,1,,,2
CUSCO,CHUMBIVILCAS,COLQUEMARCA,,,,,,,1,2,3
CUSCO,CHUMBIVILCAS,LIVITACA,,1,,,,1,2,1,5
CUSCO,CHUMBIVILCAS,LLUSCO,,,,,,1,,,1
CUSCO,CHUMBIVILCAS,SANTO TOMAS,,,1,1,1,,,,3
CUSCO,CHUMBIVILCAS,VELILLE,,,,,,1,1,,2
CUSCO,LA CONVENCION,ECHARATE,11,9,5,7,10,2,2,2,48
CUSCO,LA CONVENCION,HUAYOPATA,,,2,1,2,,,,5
CUSCO,LA CONVENCION,INKAWASI,,,,,,,,1,1
CUSCO,LA CONVENCION,KIMBIRI,1,2,4,2,6,9,14,10,48
CUSCO,LA CONVENCION,KUMPIRUSHIATO,,,,,,,,1,1
CUSCO,LA CONVENCION,MANITEA,,,,,,,,1,1
CUSCO,LA CONVENCION,MARANURA,,2,,,,,,1,3
CUSCO,LA CONVENCION,MEGANTONI,,,11,11,6,3,2,3,36
CUSCO,LA CONVENCION,OCOBAMBA,,1,,,1,2,,,4
CUSCO,LA CONVENCION,PICHARI,,2,10,6,10,5,25,25,83
CUSCO,LA CONVENCION,QUELLOUNO,,,,,,,,2,2
CUSCO,LA CONVENCION,SANTA ANA,2,8,5,5,8,6,3,2,39
CUSCO,LA CONVENCION,SANTA TERESA,1,,,,,,1,1,3
CUSCO,LA CONVENCION,UNION ASHANINKA,,,,,,,,3,3
CUSCO,LA CONVENCION,VILCABAMBA,,1,,2,,,,,3
CUSCO,LA CONVENCION,VILLA KINTIARINA,,,,1,,,,1,2
CUSCO,LA CONVENCION,VILLA VIRGEN,,,,,,,1,1,2
CUSCO,CALCA,CALCA,,,,1,1,3,3,2,10
CUSCO,CALCA,COYA,,,,,,,,1,1
CUSCO,CALCA,LAMAY,,,,1,2,,1,,4
CUSCO,CALCA,PISAC,,1,,1,3,1,1,1,8
CUSCO,CALCA,SAN SALVADOR,,,,,,,,1,1
CUSCO,CALCA,TARAY,,,,,,,2,,2
CUSCO,CALCA,YANATILE,,,,2,2,1,,1,6
CUSCO,URUBAMBA,CHINCHERO,,,2,,2,1,1,1,7
CUSCO,URUBAMBA,MACHUPICCHU,,,,,1,,1,,2
CUSCO,URUBAMBA,MARAS,,,,,,1,1,,2
CUSCO,URUBAMBA,OLLANTAYTAMBO,,,1,1,1,1,,,4
CUSCO,URUBAMBA,URUBAMBA,,,1,2,4,3,2,4,16
CUSCO,URUBAMBA,YUCAY,,,,,,1,,1,2
CUSCO,PAUCARTAMBO,CHALLABAMBA,,,1,,,,,,1
CUSCO,PAUCARTAMBO,COLQUEPATA,,,,,,,1,,1
CUSCO,PAUCARTAMBO,HUANCARANI,,,2,,,,1,,3
CUSCO,PAUCARTAMBO,KOSÑIPATA,,3,1,,1,2,1,,8
CUSCO,PAUCARTAMBO,PAUCARTAMBO,,1,1,,1,,,,3
CUSCO,QUISPICANCHI,CAMANTI,,1,,,,,,,1
CUSCO,QUISPICANCHI,CCARHUAYO,,,,,,,1,,1
CUSCO,QUISPICANCHI,CCATCA,,1,,,1,,,4,6
CUSCO,QUISPICANCHI,CUSIPATA,,,1,,,,,,1
CUSCO,QUISPICANCHI,LUCRE,,,,,,1,,,1
CUSCO,QUISPICANCHI,OCONGATE,,,,,,,1,,1
CUSCO,QUISPICANCHI,OROPESA,,,,5,1,3,1,,10
CUSCO,QUISPICANCHI,QUIQUIJANA,,,,,,2,,,2
CUSCO,QUISPICANCHI,URCOS,,1,,,1,1,,,3
CUSCO,CANCHIS,CHECACUPE,,,,,,,1,,1
CUSCO,CANCHIS,COMBAPATA,,,,,,,,1,1
CUSCO,CANCHIS,MARANGANI,1,,2,,,1,1,1,6
CUSCO,CANCHIS,PITUMARCA,,,,,,,2,1,3
CUSCO,CANCHIS,SICUANI,2,3,6,12,8,3,2,3,39
CUSCO,CANCHIS,TINTA,,,,,,1,,1,2
CUSCO,PARURO,ACCHA,,3,,,,,,,3
CUSCO,PARURO,HUANOQUITE,,,,1,,,,,1
CUSCO,PARURO,PACCARITAMBO,,,,,,,,1,1
CUSCO,PARURO,YAURISQUE,,,,,1,,,,1
CUSCO,CANAS,LAYO,,,,,,1,,,1
CUSCO,CANAS,PAMPAMARCA,,,,,,1,,,1
CUSCO,CANAS,YANAOCA,,,,,,1,,,1
CUSCO,ESPINAR,ESPINAR,,1,2,2,,1,2,,8
CUSCO,ESPINAR,PALLPATA,1,1,,,,,,,2
CUSCO,ACOMAYO,SANGARARA,,,,,,1,,1,2
HUANCAVELICA,ACOBAMBA,ACOBAMBA,,,1,,,,,,1
HUANCAVELICA,TAYACAJA,ACRAQUIA,1,1,,,,,,,2
HUANCAVELICA,TAYACAJA,AHUAYCHA,,,1,1,,,,,2
HUANCAVELICA,TAYACAJA,ANDAYMARCA,,,2,,,,,,2
HUANCAVELICA,TAYACAJA,COLCABAMBA,,5,1,1,,,,1,8
HUANCAVELICA,TAYACAJA,DANIEL HERNANDEZ,1,,,1,,1,,,3
HUANCAVELICA,TAYACAJA,HUACHOCOLPA,,1,,,,,,,1
HUANCAVELICA,TAYACAJA,PAMPAS,,,,2,,,,,2
HUANCAVELICA,TAYACAJA,PAZOS,1,2,,,,,,1,4
HUANCAVELICA,TAYACAJA,PICHOS,,,,,,1,,,1
HUANCAVELICA,TAYACAJA,SALCAHUASI,,,,,,,,1,1
HUANCAVELICA,HUANCAVELICA,ACORIA,,,2,,,,1,3,6
HUANCAVELICA,HUANCAVELICA,ASCENSION,1,,,,,,,1,2
HUANCAVELICA,HUANCAVELICA,CONAYCA,,1,,,,,,,1
HUANCAVELICA,HUANCAVELICA,HUANCAVELICA,1,,2,2,1,,2,,8
HUANCAVELICA,HUANCAVELICA,HUANDO,,,,,,,,1,1
HUANCAVELICA,HUANCAVELICA,IZCUCHACA,,1,,,,,,,1
HUANCAVELICA,HUANCAVELICA,MOYA,,1,,,,,,,1
HUANCAVELICA,HUANCAVELICA,YAULI,,1,,2,,1,,,4
HUANCAVELICA,ANGARAES,CONGALLA,,1,,,,,,,1
HUANCAVELICA,ANGARAES,LIRCAY,,2,,,,,,2,4
HUANCAVELICA,ANGARAES,SANTO TOMAS DE PATA,,,,,,,,1,1
HUANCAVELICA,CHURCAMPA,ANCO,,,1,,,,1,,2
HUANCAVELICA,CHURCAMPA,CHURCAMPA,,,,,,,,1,1
HUANCAVELICA,CHURCAMPA,COSME,,1,,,,,,,1
HUANCAVELICA,CHURCAMPA,PACHAMARCA,1,,,,,,,,1
HUANCAVELICA,CHURCAMPA,PAUCARBAMBA,,,,,,,,1,1
HUANCAVELICA,CASTROVIRREYNA,ARMA,,,,,1,,,,1
HUANCAVELICA,HUAYTARA,PILPICHACA,,,,,,,1,,1
HUANUCO,HUAMALIES,ARANCAY,,1,,1,2,,,,4
HUANUCO,HUAMALIES,CHAVIN DE PARIARCA,,,,1,,1,,,2
HUANUCO,HUAMALIES,JACAS GRANDE,,1,,,,,,,1
HUANUCO,HUAMALIES,LLATA,,2,,,,,,1,3
HUANUCO,HUAMALIES,MONZON,,1,2,1,1,,,,5
HUANUCO,HUAMALIES,PUÑOS,,,,,1,,,,1
HUANUCO,HUAMALIES,PUNCHAO,,,,1,1,,,,2
HUANUCO,HUAMALIES,SINGA,,,1,1,,1,,,3
HUANUCO,HUAMALIES,TANTAMAYO,,,,,,,1,,1
HUANUCO,HUANUCO,AMARILIS,2,9,2,5,13,5,8,9,53
HUANUCO,HUANUCO,CHINCHAO,,3,4,1,,1,,1,10
HUANUCO,HUANUCO,CHURUBAMBA,,,3,,1,4,,2,10
HUANUCO,HUANUCO,HUANUCO,1,,5,10,11,5,6,8,46
HUANUCO,HUANUCO,MARGOS,1,1,,,,,,,2
HUANUCO,HUANUCO,PILLCO MARCA,1,1,3,4,5,4,3,1,22
HUANUCO,HUANUCO,QUISQUI,,1,,,,,,,1
HUANUCO,HUANUCO,SAN FRANCISCO DE CAYRAN,,,,1,,,1,,2
HUANUCO,HUANUCO,SAN PABLO DE PILLAO,,,,,1,3,,1,5
HUANUCO,HUANUCO,SANTA MARIA DEL VALLE,,3,2,3,2,1,2,,13
HUANUCO,HUANUCO,YACUS,,,,,,,,1,1
HUANUCO,PACHITEA,CHAGLLA,2,9,3,5,2,,6,2,29
HUANUCO,PACHITEA,MOLINO,,9,3,4,4,4,5,4,33
HUANUCO,PACHITEA,PANAO,,9,10,12,9,14,9,15,78
HUANUCO,PACHITEA,UMARI,,3,5,4,3,4,3,3,25
HUANUCO,LEONCIO PRADO,CASTILLO GRANDE,,,,1,4,1,1,3,10
HUANUCO,LEONCIO PRADO,DANIEL ALOMIA ROBLES,,,,,,,6,,6
HUANUCO,LEONCIO PRADO,DANIEL ALOMIAS ROBLES,,1,2,,,,,,3
HUANUCO,LEONCIO PRADO,HERMILIO VALDIZAN,,1,,,,,1,1,3
HUANUCO,LEONCIO PRADO,JOSE CRESPO Y CASTILLO,,4,7,1,3,3,5,3,26
HUANUCO,LEONCIO PRADO,LUYANDO,,5,3,2,1,,3,2,16
HUANUCO,LEONCIO PRADO,MARIANO DAMASO BERAUN,,1,1,2,2,1,2,2,11
HUANUCO,LEONCIO PRADO,RUPA-RUPA,,11,11,3,7,6,5,10,53
HUANUCO,LEONCIO PRADO,SANTO DOMINGO DE ANDA,,,,,,,1,,1
HUANUCO,MARAÑON,CHOLON,,,2,1,,,,1,4
HUANUCO,MARAÑON,HUACRACHUCO,,1,,,,,,1,2
HUANUCO,MARAÑON,LA MORADA,,,,,,,,1,1
HUANUCO,LAURICOCHA,JESUS,,1,,1,,,,1,3
HUANUCO,LAURICOCHA,RONDOS,,,1,1,1,,,,3
HUANUCO,HUACAYBAMBA,HUACAYBAMBA,,,1,,,,,,1
HUANUCO,HUACAYBAMBA,PINRA,,,,,,,,1,1
HUANUCO,DOS DE MAYO,CHUQUIS,,,,,1,,,,1
HUANUCO,DOS DE MAYO,LA UNION,,1,,3,1,,,,5
HUANUCO,DOS DE MAYO,MARIAS,,,,,,1,,,1
HUANUCO,DOS DE MAYO,QUIVILLA,,,,,,,,1,1
HUANUCO,DOS DE MAYO,YANAS,,,1,,,,,,1
HUANUCO,PUERTO INCA,CODO DEL POZUZO,,,,1,,,,,1
HUANUCO,PUERTO INCA,HONORIA,,,1,,1,,,,2
HUANUCO,PUERTO INCA,PUERTO INCA,,4,13,8,11,6,4,2,48
HUANUCO,PUERTO INCA,TOURNAVISTA,,2,2,,,,,,4
HUANUCO,PUERTO INCA,YUYAPICHIS,,1,3,1,10,4,1,,20
HUANUCO,AMBO,AMBO,,2,,2,3,4,2,1,14
HUANUCO,AMBO,CONCHAMARCA,,,1,2,,2,,,5
HUANUCO,AMBO,HUACAR,,2,,,1,,1,1,5
HUANUCO,AMBO,SAN RAFAEL,,1,3,,,1,,,5
HUANUCO,AMBO,TOMAY-KICHWA,,,,3,1,,,,4
HUANUCO,YAROWILCA,APARICIO POMARES,,1,1,,,,,,2
HUANUCO,YAROWILCA,CHAVINILLO,,,,,1,,,,1
HUANUCO,YAROWILCA,PAMPAMARCA,,,,1,1,,,,2
ICA,ICA,ICA,,1,,3,3,17,2,8,34
ICA,ICA,LA TINGUIÑA,,,,,1,1,4,2,8
ICA,ICA,LOS AQUIJES,,,,,,,,3,3
ICA,ICA,OCUCAJE,,,,,,,,1,1
ICA,ICA,PACHACUTEC,,,,,,,,1,1
ICA,ICA,PARCONA,,,,,,,6,2,8
ICA,ICA,PUEBLO NUEVO,,,,,,,,1,1
ICA,ICA,SALAS,,,,,1,,2,,3
ICA,ICA,SANTIAGO,,1,,,,1,,1,3
ICA,ICA,SUBTANJALLA,,,,,,,3,3,6
ICA,ICA,TATE,,,,,,,1,,1
ICA,ICA,YAUCA DEL ROSARIO,,,,1,,,,,1
ICA,CHINCHA,ALTO LARAN,,,,1,1,2,2,,6
ICA,CHINCHA,CHAVIN,,,,,,,,1,1
ICA,CHINCHA,CHINCHA ALTA,,1,5,3,8,9,8,8,42
ICA,CHINCHA,CHINCHA BAJA,,,,,,,2,,2
ICA,CHINCHA,EL CARMEN,,,,,,,1,,1
ICA,CHINCHA,GROCIO PRADO,,,1,2,4,,1,,8
ICA,CHINCHA,PUEBLO NUEVO,,5,,4,4,2,4,2,21
ICA,CHINCHA,SUNAMPE,,,1,1,1,,,2,5
ICA,PISCO,HUMAY,,,,,,,,1,1
ICA,PISCO,INDEPENDENCIA,,,,1,,,1,,2
ICA,PISCO,PARACAS,,,,1,,,1,1,3
ICA,PISCO,PISCO,,,3,10,10,1,8,34,66
ICA,PISCO,SAN ANDRES,,,,,,,3,7,10
ICA,PISCO,SAN CLEMENTE,,,1,,1,1,1,6,10
ICA,PISCO,TUPAC AMARU INCA,,,5,2,4,,,2,13
ICA,NAZCA,CHANGUILLO,,1,,,,,,,1
ICA,NAZCA,EL INGENIO,,,,1,,,,1,2
ICA,NAZCA,MARCONA,,,,,,1,3,,4
ICA,NAZCA,NAZCA,,,,2,1,1,3,4,11
ICA,NAZCA,VISTA ALEGRE,,,,2,,5,4,3,14
ICA,PALPA,PALPA,,1,2,7,4,,,,14
ICA,PALPA,RIO GRANDE,,,,,1,,,,1
JUNIN,SATIPO,COVIRIALI,,,2,,1,,,2,5
JUNIN,SATIPO,LLAYLLA,,,2,3,3,2,1,,11
JUNIN,SATIPO,MAZAMARI,,1,10,14,13,16,14,9,77
JUNIN,SATIPO,PAMPA HERMOSA,,,,1,,,,1,2
JUNIN,SATIPO,PANGOA,2,8,14,13,14,4,10,11,76
JUNIN,SATIPO,RIO NEGRO,2,2,9,6,8,8,5,4,44
JUNIN,SATIPO,RIO TAMBO,1,5,6,6,9,10,8,11,56
JUNIN,SATIPO,SATIPO,16,7,4,5,10,4,13,5,64
JUNIN,SATIPO,VIZCATAN DEL ENE,,,,,,2,1,,3
JUNIN,TARMA,ACOBAMBA,,,,,,,1,,1
JUNIN,TARMA,HUARICOLCA,,,,,,1,,,1
JUNIN,TARMA,PALCAMAYO,,,,,1,,,,1
JUNIN,TARMA,TARMA,,,,,,3,3,1,7
JUNIN,HUANCAYO,CHILCA,,1,5,3,7,6,14,7,43
JUNIN,HUANCAYO,CHONGOS ALTO,,,,,,1,,,1
JUNIN,HUANCAYO,CHUPURO,,,1,,,1,,,2
JUNIN,HUANCAYO,CULLHUAS,,,,1,,,,,1
JUNIN,HUANCAYO,EL TAMBO,,,6,,4,6,6,10,32
JUNIN,HUANCAYO,HUACRAPUQUIO,,,,,,,1,,1
JUNIN,HUANCAYO,HUANCAN,,1,1,,1,,3,5,11
JUNIN,HUANCAYO,HUANCAYO,,5,3,5,4,4,8,5,34
JUNIN,HUANCAYO,HUAYUCACHI,,,,1,1,1,,,3
JUNIN,HUANCAYO,INGENIO,,2,1,,1,1,,,5
JUNIN,HUANCAYO,PARIAHUANCA,,,1,,,,,,1
JUNIN,HUANCAYO,PILCOMAYO,,,3,,,,2,1,6
JUNIN,HUANCAYO,SAN AGUSTIN,,,,,,1,1,1,3
JUNIN,HUANCAYO,SAN JERONIMO DE TUNAN,,1,1,,,1,2,1,6
JUNIN,HUANCAYO,SANTO DOMINGO DE ACOBAMBA,,,,,1,,,,1
JUNIN,HUANCAYO,SAPALLANGA,,1,,1,,2,,4,8
JUNIN,HUANCAYO,SICAYA,,,,,,2,,,2
JUNIN,CHANCHAMAYO,CHANCHAMAYO,,4,6,4,8,9,14,9,54
JUNIN,CHANCHAMAYO,PERENE,,10,8,9,17,28,31,33,136
JUNIN,CHANCHAMAYO,PICHANAQUI,,8,6,12,14,25,21,26,112
JUNIN,CHANCHAMAYO,SAN LUIS DE SHUARO,,1,,,,1,,,2
JUNIN,CHANCHAMAYO,SAN RAMON,,4,1,5,2,3,9,8,32
JUNIN,CHANCHAMAYO,VITOC,,,,,1,,,,1
JUNIN,YAULI,LA OROYA,,,,,2,1,,,3
JUNIN,YAULI,SANTA BARBARA DE CARHUACAYAN,,,,,1,,,,1
JUNIN,YAULI,SANTA ROSA DE SACCO,,,,1,1,,,,2
JUNIN,CONCEPCION,ANDAMARCA,,,1,,,,,,1
JUNIN,CONCEPCION,CHAMBARA,,,,,,,1,,1
JUNIN,CONCEPCION,COMAS,,,,,,,,1,1
JUNIN,CONCEPCION,CONCEPCION,,1,,1,1,,1,1,5
JUNIN,CONCEPCION,MARISCAL CASTILLA,,,,,,,,1,1
JUNIN,CONCEPCION,MATAHUASI,,,1,,1,1,,,3
JUNIN,CONCEPCION,ORCOTUNA,,,,,,2,,,2
JUNIN,JAUJA,APATA,,,1,,,,1,,2
JUNIN,JAUJA,HUAMALI,,,1,,1,,,,2
JUNIN,JAUJA,JAUJA,,,,,2,3,,,5
JUNIN,JAUJA,MASMA,,2,,,1,1,1,1,6
JUNIN,JAUJA,MOLINOS,,,,1,,,,1,2
JUNIN,JAUJA,MONOBAMBA,,,1,,,,,,1
JUNIN,JAUJA,MUQUIYAUYO,,,,,,,1,,1
JUNIN,JAUJA,SAUSA,,,,,1,,,,1
JUNIN,JAUJA,YAUYOS,,,3,1,1,3,,1,9
JUNIN,JUNIN,CARHUAMAYO,,,2,,,,,1,3
JUNIN,JUNIN,ULCUMAYO,,,,1,,,,,1
JUNIN,CHUPACA,AHUAC,,,1,,1,,,,2
JUNIN,CHUPACA,CHONGOS BAJO,,,,,,,,1,1
JUNIN,CHUPACA,CHUPACA,,1,,1,2,2,2,4,12
JUNIN,CHUPACA,HUACHAC,,,,,,1,,,1
JUNIN,CHUPACA,HUAMANCACA CHICO,,,,,1,,,1,2
JUNIN,CHUPACA,TRES DE DICIEMBRE,,,1,,1,,,,2
LA LIBERTAD,ASCOPE,ASCOPE,,,,,,,1,,1
LA LIBERTAD,ASCOPE,CASA GRANDE,1,2,,,3,,,1,7
LA LIBERTAD,ASCOPE,CHICAMA,,2,,,1,,1,1,5
LA LIBERTAD,ASCOPE,CHOCOPE,,,,,,,,2,2
LA LIBERTAD,ASCOPE,MAGDALENA DE CAO,,1,1,,,,,,2
LA LIBERTAD,ASCOPE,PAIJAN,,2,1,,1,,,,4
LA LIBERTAD,ASCOPE,RAZURI,,1,,,1,,,,2
LA LIBERTAD,ASCOPE,SANTIAGO DE CAO,,1,1,,1,,1,,4
LA LIBERTAD,TRUJILLO,EL PORVENIR,1,21,14,4,11,2,3,10,66
LA LIBERTAD,TRUJILLO,FLORENCIA DE MORA,,3,8,7,6,7,8,6,45
LA LIBERTAD,TRUJILLO,HUANCHACO,3,,,5,2,4,5,1,20
LA LIBERTAD,TRUJILLO,LA ESPERANZA,5,29,15,11,28,5,17,16,126
LA LIBERTAD,TRUJILLO,LAREDO,1,5,6,5,1,1,,5,24
LA LIBERTAD,TRUJILLO,MOCHE,,1,4,3,2,1,,1,12
LA LIBERTAD,TRUJILLO,POROTO,,1,,1,,,,,2
LA LIBERTAD,TRUJILLO,SALAVERRY,,2,1,2,1,1,1,1,9
LA LIBERTAD,TRUJILLO,TRUJILLO,3,6,14,17,11,4,16,17,88
LA LIBERTAD,TRUJILLO,VICTOR LARCO HERRERA,,,3,4,1,,3,4,15
LA LIBERTAD,PACASMAYO,GUADALUPE,,,,,,1,,2,3
LA LIBERTAD,PACASMAYO,PACASMAYO,1,,3,,2,,1,2,9
LA LIBERTAD,PACASMAYO,SAN JOSE,,,,,,,1,,1
LA LIBERTAD,PACASMAYO,SAN PEDRO DE LLOC,,1,1,,,,2,2,6
LA LIBERTAD,CHEPEN,CHEPEN,,,,2,2,2,3,1,10
LA LIBERTAD,CHEPEN,PACANGA,,,,,1,1,,,2
LA LIBERTAD,CHEPEN,PUEBLO NUEVO,,,,,,,2,,2
LA LIBERTAD,VIRU,CHAO,,1,,2,8,8,7,9,35
LA LIBERTAD,VIRU,GUADALUPITO,,,,,1,1,,,2
LA LIBERTAD,VIRU,VIRU,,,2,1,6,2,11,8,30
LA LIBERTAD,GRAN CHIMU,CASCAS,1,,,,,,1,,2
LA LIBERTAD,GRAN CHIMU,LUCMA,,,,1,,,,,1
LA LIBERTAD,GRAN CHIMU,SAYAPULLO,,,,,,,,1,1
LA LIBERTAD,PATAZ,BULDIBUYO,,,,,1,,,,1
LA LIBERTAD,PATAZ,PARCOY,,1,,,,2,,2,5
LA LIBERTAD,PATAZ,PATAZ,,,,,,,3,2,5
LA LIBERTAD,PATAZ,TAYABAMBA,,2,,1,,,1,,4
LA LIBERTAD,SANCHEZ CARRION,CHUGAY,,,,,1,,,,1
LA LIBERTAD,SANCHEZ CARRION,HUAMACHUCO,3,,,,1,2,1,3,10
LA LIBERTAD,SANCHEZ CARRION,MARCABAL,,,,,,,1,,1
LA LIBERTAD,SANCHEZ CARRION,SARIN,,,,,1,,,,1
LA LIBERTAD,OTUZCO,HUARANCHAL,,,,,,1,,1,2
LA LIBERTAD,OTUZCO,OTUZCO,,,1,1,,,,1,3
LA LIBERTAD,OTUZCO,SALPO,,,1,,,,,,1
LA LIBERTAD,OTUZCO,SINSICAP,1,,,1,,,,,2
LA LIBERTAD,OTUZCO,USQUIL,,1,1,1,,,,1,4
LA LIBERTAD,SANTIAGO DE CHUCO,QUIRUVILCA,,,,,1,,1,,2
LA LIBERTAD,SANTIAGO DE CHUCO,SANTIAGO DE CHUCO,,,,,,,,1,1
LA LIBERTAD,JULCAN,CALAMARCA,,,,,,,,1,1
LA LIBERTAD,JULCAN,JULCAN,,,,1,,,1,,2
LAMBAYEQUE,CHICLAYO,CAYALTI,,1,,,,,,1,2
LAMBAYEQUE,CHICLAYO,CHICLAYO,,4,2,2,8,2,2,2,22
LAMBAYEQUE,CHICLAYO,CHONGOYAPE,,,1,,,,2,,3
LAMBAYEQUE,CHICLAYO,ETEN,,,,,1,,,,1
LAMBAYEQUE,CHICLAYO,JOSE LEONARDO ORTIZ,,5,3,,8,1,,,17
LAMBAYEQUE,CHICLAYO,LA VICTORIA,,,,2,3,,,1,6
LAMBAYEQUE,CHICLAYO,LAGUNAS,,,,,1,,,,1
LAMBAYEQUE,CHICLAYO,NUEVA ARICA,,1,,,,,,,1
LAMBAYEQUE,CHICLAYO,OYOTUN,,,,,1,,,1,2
LAMBAYEQUE,CHICLAYO,PATAPO,,,,,1,,,1,2
LAMBAYEQUE,CHICLAYO,PIMENTEL,,,,3,,,,,3
LAMBAYEQUE,CHICLAYO,POMALCA,,1,,,,,,,1
LAMBAYEQUE,CHICLAYO,REQUE,,,,,,1,,,1
LAMBAYEQUE,CHICLAYO,SANTA ROSA,,,,1,,,,,1
LAMBAYEQUE,LAMBAYEQUE,CHOCHOPE,,,,1,,,,,1
LAMBAYEQUE,LAMBAYEQUE,ILLIMO,,,,1,,,1,1,3
LAMBAYEQUE,LAMBAYEQUE,JAYANCA,,,1,,1,,1,1,4
LAMBAYEQUE,LAMBAYEQUE,LAMBAYEQUE,,2,1,,2,1,,2,8
LAMBAYEQUE,LAMBAYEQUE,MOCHUMI,,4,,,,,1,1,6
LAMBAYEQUE,LAMBAYEQUE,MORROPE,,1,,,,,,1,2
LAMBAYEQUE,LAMBAYEQUE,MOTUPE,,1,7,3,1,2,,1,15
LAMBAYEQUE,LAMBAYEQUE,OLMOS,1,1,,,1,,1,1,5
LAMBAYEQUE,LAMBAYEQUE,SALAS,,,,,,1,,,1
LAMBAYEQUE,LAMBAYEQUE,SAN JOSE,,,,,1,,,,1
LAMBAYEQUE,FERREÑAFE,CAÑARIS,,,,,1,,,,1
LAMBAYEQUE,FERREÑAFE,FERREÑAFE,,,,,,,1,1,2
LAMBAYEQUE,FERREÑAFE,MANUEL ANTONIO MESONES MURO,,,1,,,,,,1
LAMBAYEQUE,FERREÑAFE,PUEBLO NUEVO,,,,,1,,,,1
LIMA,LIMA,ANCON,,3,,5,5,7,4,6,30
LIMA,LIMA,ATE,1,3,9,28,40,40,65,72,258
LIMA,LIMA,BARRANCO,,,,4,1,,2,1,8
LIMA,LIMA,BREÑA,,,1,2,8,4,7,8,30
LIMA,LIMA,CARABAYLLO,5,19,25,20,34,37,26,42,208
LIMA,LIMA,CHACLACAYO,,,,2,2,1,2,4,11
LIMA,LIMA,CHORRILLOS,5,13,9,28,22,27,27,37,168
LIMA,LIMA,CIENEGUILLA,,,2,3,4,1,1,2,13
LIMA,LIMA,COMAS,1,36,19,56,105,62,52,81,412
LIMA,LIMA,EL AGUSTINO,2,,9,31,34,31,37,46,190
LIMA,LIMA,INDEPENDENCIA,,11,6,24,19,15,20,19,114
LIMA,LIMA,JESUS MARIA,,,1,2,4,,5,,12
LIMA,LIMA,LA MOLINA,,,2,2,,4,1,2,11
LIMA,LIMA,LA VICTORIA,4,1,13,17,22,28,34,33,152
LIMA,LIMA,LIMA,10,3,18,26,45,45,49,46,242
LIMA,LIMA,LINCE,,,,,3,,1,2,6
LIMA,LIMA,LOS OLIVOS,4,8,5,22,38,28,29,28,162
LIMA,LIMA,LURIGANCHO,2,,,7,13,20,9,18,69
LIMA,LIMA,LURIN,1,,3,5,2,5,7,5,28
LIMA,LIMA,MAGDALENA DEL MAR,,,,3,2,3,,,8
LIMA,LIMA,MIRAFLORES,1,,1,,,1,,1,4
LIMA,LIMA,PACHACAMAC,,1,1,10,6,9,9,10,46
LIMA,LIMA,PUCUSANA,,,1,,1,3,,,5
LIMA,LIMA,PUEBLO LIBRE,2,1,2,1,2,2,6,3,19
LIMA,LIMA,PUENTE PIEDRA,3,10,14,24,33,43,43,42,212
LIMA,LIMA,PUNTA HERMOSA,,,,,,1,1,1,3
LIMA,LIMA,RIMAC,,3,15,20,26,30,20,22,136
LIMA,LIMA,SAN BARTOLO,,,,1,,1,2,1,5
LIMA,LIMA,SAN BORJA,,,1,,,1,1,2,5
LIMA,LIMA,SAN ISIDRO,,,,2,2,,,,4
LIMA,LIMA,SAN JUAN DE LURIGANCHO,3,6,39,109,163,119,97,132,668
LIMA,LIMA,SAN JUAN DE MIRAFLORES,4,6,15,32,16,19,27,39,158
LIMA,LIMA,SAN LUIS,,,,4,3,3,5,8,23
LIMA,LIMA,SAN MARTIN DE PORRES,20,17,37,42,80,68,55,90,409
LIMA,LIMA,SAN MIGUEL,1,,4,5,7,4,7,1,29
LIMA,LIMA,SANTA ANITA,,,13,22,16,25,42,19,137
LIMA,LIMA,SANTA MARIA DEL MAR,,,,,,,1,,1
LIMA,LIMA,SANTA ROSA,,2,1,2,2,,2,1,10
LIMA,LIMA,SANTIAGO DE SURCO,,3,6,10,12,5,4,7,47
LIMA,LIMA,SURQUILLO,4,,1,6,6,2,4,9,32
LIMA,LIMA,VILLA EL SALVADOR,1,1,12,19,22,15,18,21,109
LIMA,LIMA,VILLA MARIA DEL TRIUNFO,1,4,10,53,31,31,32,28,190
LIMA,BARRANCA,BARRANCA,4,5,8,8,7,7,6,10,55
LIMA,BARRANCA,PARAMONGA,1,4,1,3,,1,2,1,13
LIMA,BARRANCA,PATIVILCA,,1,1,2,,,1,,5
LIMA,BARRANCA,SUPE,,3,1,2,3,,2,5,16
LIMA,BARRANCA,SUPE PUERTO,1,2,1,1,,,2,2,9
LIMA,HUAROCHIRI,CASTA,,,,,,1,,,1
LIMA,HUAROCHIRI,CHICLA,,,,,,,1,,1
LIMA,HUAROCHIRI,HUAROCHIRI,,,1,1,1,,1,,4
LIMA,HUAROCHIRI,RICARDO PALMA,,,,1,1,,,1,3
LIMA,HUAROCHIRI,SAN ANDRES DE TUPICOCHA,,1,,,,,,,1
LIMA,HUAROCHIRI,SAN ANTONIO,1,2,2,2,2,2,5,4,20
LIMA,HUAROCHIRI,SAN BARTOLOME,,,,,,,,1,1
LIMA,HUAROCHIRI,SAN LORENZO DE QUINTI,,1,,,,,,,1
LIMA,HUAROCHIRI,SAN MATEO,1,1,,,,,,1,3
LIMA,HUAROCHIRI,SANGALLAYA,,,1,,,,,,1
LIMA,HUAROCHIRI,SANTA CRUZ DE COCACHACRA,,1,,1,,,,,2
LIMA,HUAROCHIRI,SANTA EULALIA,,2,1,2,2,,,,7
LIMA,HUAURA,CALETA DE CARQUIN,,,1,,1,1,,,3
LIMA,HUAURA,HUACHO,2,2,2,5,8,2,1,4,26
LIMA,HUAURA,HUALMAY,1,2,,3,1,1,2,2,12
LIMA,HUAURA,HUAURA,2,2,2,4,3,4,,,17
LIMA,HUAURA,PACCHO,,,1,,,,,,1
LIMA,HUAURA,SANTA LEONOR,,,,,,,,1,1
LIMA,HUAURA,SANTA MARIA,1,,4,1,6,6,1,6,25
LIMA,HUAURA,SAYAN,1,1,,,1,2,,1,6
LIMA,HUAURA,VEGUETA,,,,2,,2,,1,5
LIMA,HUARAL,ATAVILLOS BAJO,,,,,1,,,,1
LIMA,HUARAL,AUCALLAMA,,,,,1,,,,1
LIMA,HUARAL,CHANCAY,,2,1,2,3,1,7,7,23
LIMA,HUARAL,HUARAL,2,2,2,2,4,1,9,9,31
LIMA,HUARAL,IHUARI,,,,,,1,,,1
LIMA,CAÑETE,ASIA,1,1,1,1,1,,3,1,9
LIMA,CAÑETE,CERRO AZUL,,1,,,2,,,,3
LIMA,CAÑETE,CHILCA,2,5,1,4,4,5,3,14,38
LIMA,CAÑETE,IMPERIAL,2,3,8,10,9,4,8,15,59
LIMA,CAÑETE,LUNAHUANA,,,,1,,,,1,2
LIMA,CAÑETE,MALA,2,3,5,5,9,9,5,10,48
LIMA,CAÑETE,NUEVO IMPERIAL,,2,1,2,,1,2,1,9
LIMA,CAÑETE,PACARAN,,,1,,,,,,1
LIMA,CAÑETE,QUILMANA,1,,2,2,,,,2,7
LIMA,CAÑETE,SAN ANTONIO,,,,1,1,,1,1,4
LIMA,CAÑETE,SAN LUIS,2,,2,2,5,1,3,,15
LIMA,CAÑETE,SAN VICENTE DE CAÑETE,2,3,7,6,17,2,5,8,50
LIMA,CAÑETE,SANTA CRUZ DE FLORES,,,,,,,1,,1
LIMA,CANTA,SANTA ROSA DE QUIVES,1,,1,,,,,1,3
LIMA,YAUYOS,AYAUCA,,1,,,,,,,1
LIMA,YAUYOS,OMAS,1,,,,,,,,1
LIMA,CAJATAMBO,CAJATAMBO,,,,,,,1,,1
LIMA,CAJATAMBO,GORGOR,,,1,,,,,,1
LORETO,MAYNAS,ALTO NANAY,,,1,,,,,1,2
LORETO,MAYNAS,BELEN,,,1,4,8,5,4,4,26
LORETO,MAYNAS,FERNANDO LORES,,,,,2,,1,1,4
LORETO,MAYNAS,INDIANA,,,2,,,,1,1,4
LORETO,MAYNAS,IQUITOS,,,2,8,6,,2,7,25
LORETO,MAYNAS,MAZAN,,,1,,1,,,2,4
LORETO,MAYNAS,NAPO,,,,,1,,2,1,4
LORETO,MAYNAS,PUNCHANA,,,11,10,13,6,6,14,60
LORETO,MAYNAS,SAN JUAN BAUTISTA,,,5,6,21,5,6,9,52
LORETO,ALTO AMAZONAS,BALSAPUERTO,2,4,,,,,2,2,10
LORETO,ALTO AMAZONAS,JEBEROS,,,,,1,,,,1
LORETO,ALTO AMAZONAS,LAGUNAS,2,2,,,4,4,1,3,16
LORETO,ALTO AMAZONAS,SANTA CRUZ,,,,,,1,2,,3
LORETO,ALTO AMAZONAS,YURIMAGUAS,1,9,12,12,13,11,10,29,97
LORETO,DATEM DEL MARAÑON,ANDOAS,,,,1,,1,,,2
LORETO,DATEM DEL MARAÑON,BARRANCA,,,2,,1,4,1,2,10
LORETO,DATEM DEL MARAÑON,MANSERICHE,,,,,3,1,,2,6
LORETO,DATEM DEL MARAÑON,MORONA,,,,,1,,,,1
LORETO,DATEM DEL MARAÑON,PASTAZA,,,,,,,,1,1
LORETO,UCAYALI,CONTAMANA,,,,1,,,3,3,7
LORETO,UCAYALI,INAHUAYA,,,,,,,1,,1
LORETO,UCAYALI,SARAYACU,,,,1,,,,,1
LORETO,LORETO,NAUTA,,,1,1,4,,,6,12
LORETO,LORETO,TIGRE,,,,1,1,,,,2
LORETO,LORETO,TROMPETEROS,,,,,1,,,,1
LORETO,LORETO,URARINAS,,,,,1,,,,1
LORETO,PUTUMAYO,PUTUMAYO,,,,,1,,1,1,3
LORETO,REQUENA,ALTO TAPICHE,,,,1,,,,,1
LORETO,REQUENA,REQUENA,,,,1,2,,3,4,10
LORETO,MARISCAL RAMON CASTILLA,PEBAS,,,,1,1,,,,2
LORETO,MARISCAL RAMON CASTILLA,RAMON CASTILLA,,,,,2,,,2,4
MADRE DE DIOS,TAMBOPATA,INAMBARI,,1,1,6,5,,5,7,25
MADRE DE DIOS,TAMBOPATA,LABERINTO,,5,,1,1,,6,4,17
MADRE DE DIOS,TAMBOPATA,LAS PIEDRAS,,,4,3,2,1,4,8,22
MADRE DE DIOS,TAMBOPATA,TAMBOPATA,,17,19,35,36,28,50,41,226
MADRE DE DIOS,MANU,FITZCARRALD,,,,,,,,1,1
MADRE DE DIOS,MANU,HUEPETUHE,,,1,,3,,1,,5
MADRE DE DIOS,MANU,MADRE DE DIOS,,1,1,2,1,,4,6,15
MADRE DE DIOS,MANU,MANU,,,,,,,,3,3
MADRE DE DIOS,TAHUAMANU,IBERIA,,,,1,,2,2,1,6
MADRE DE DIOS,TAHUAMANU,IÑAPARI,,1,,,,,,,1
MADRE DE DIOS,TAHUAMANU,TAHUAMANU,,,,,1,,,,1
MOQUEGUA,MARISCAL NIETO,MOQUEGUA,2,3,1,,1,,,5,12
MOQUEGUA,MARISCAL NIETO,SAMEGUA,,,,1,,,,1,2
MOQUEGUA,MARISCAL NIETO,SAN CRISTOBAL,,,,,1,,,,1
MOQUEGUA,ILO,EL ALGARROBAL,,1,,,,,,,1
MOQUEGUA,ILO,ILO,2,8,1,1,9,1,8,12,42
MOQUEGUA,ILO,PACOCHA,,,,,,,1,,1
MOQUEGUA,GENERAL SANCHEZ CERRO,CHOJATA,,1,,,,,,,1
MOQUEGUA,GENERAL SANCHEZ CERRO,ICHUÑA,,,,1,,,,,1
PASCO,OXAPAMPA,CHONTABAMBA,,,,,1,1,,,2
PASCO,OXAPAMPA,CONSTITUCION,,,2,13,14,1,5,6,41
PASCO,OXAPAMPA,OXAPAMPA,,,,1,5,2,3,,11
PASCO,OXAPAMPA,PALCAZU,,1,2,,3,,1,,7
PASCO,OXAPAMPA,POZUZO,,1,,,1,,,,2
PASCO,OXAPAMPA,PUERTO BERMUDEZ,,4,18,43,23,14,16,22,140
PASCO,OXAPAMPA,VILLA RICA,,1,1,1,,,1,1,5
PASCO,PASCO,CHAUPIMARCA,,,3,3,1,1,1,1,10
PASCO,PASCO,HUARIACA,,,2,,,,,,2
PASCO,PASCO,HUAYLLAY,,,,,1,,,1,2
PASCO,PASCO,PALLANCHACRA,,,,,,,1,1,2
PASCO,PASCO,SAN FRANCISCO DE ASIS DE YARUSYACAN,,,,,,1,,,1
PASCO,PASCO,SIMON BOLIVAR,,,,,,,,1,1
PASCO,PASCO,YANACANCHA,,,3,3,2,1,,1,10
PASCO,DANIEL ALCIDES CARRION,CHACAYAN,,,,,,,,1,1
PASCO,DANIEL ALCIDES CARRION,YANAHUANCA,,1,,1,,,,,2
PIURA,PIURA,CASTILLA,,2,,1,,,,,3
PIURA,PIURA,CATACAOS,,,,,1,,,1,2
PIURA,PIURA,CURA MORI,,,,1,,,,,1
PIURA,PIURA,LA UNION,,,,1,,,,,1
PIURA,PIURA,LAS LOMAS,,,,,1,,,,1
PIURA,PIURA,PIURA,,,,,8,,5,4,17
PIURA,PIURA,TAMBO GRANDE,,,,,3,,,,3
PIURA,PIURA,VEINTISEIS DE OCTUBRE,,,,2,1,1,,5,9
PIURA,SULLANA,BELLAVISTA,,,1,3,3,,,1,8
PIURA,SULLANA,IGNACIO ESCUDERO,,,,,,1,,1,2
PIURA,SULLANA,MARCAVELICA,,,1,,,,,,1
PIURA,SULLANA,MIGUEL CHECA,,,,,,,,1,1
PIURA,SULLANA,QUERECOTILLO,,,,,1,,,,1
PIURA,SULLANA,SULLANA,,3,3,12,3,,4,5,30
PIURA,TALARA,LOS ORGANOS,,,,,1,,,,1
PIURA,TALARA,MANCORA,,,,1,1,,1,1,4
PIURA,TALARA,PARIÑAS,,1,,,3,2,4,6,16
PIURA,MORROPON,CHALACO,,,1,,,,,,1
PIURA,MORROPON,CHULUCANAS,,,2,2,1,,1,1,7
PIURA,MORROPON,MORROPON,,,1,,2,,,,3
PIURA,MORROPON,SALITRAL,,,1,1,,,,,2
PIURA,MORROPON,SAN JUAN DE BIGOTE,,,,,,,,1,1
PIURA,MORROPON,SANTA CATALINA DE MOSSA,,,,,1,,,,1
PIURA,MORROPON,SANTO DOMINGO,,,,,,,1,,1
PIURA,MORROPON,YAMANGO,,,,,,,1,,1
PIURA,PAITA,COLAN,,,,,1,,,1,2
PIURA,PAITA,LA HUACA,,,,,,,2,,2
PIURA,PAITA,PAITA,,3,1,10,9,5,12,10,50
PIURA,PAITA,VICHAYAL,,,,,1,,,,1
PIURA,HUANCABAMBA,CANCHAQUE,,,1,,1,,,1,3
PIURA,HUANCABAMBA,HUANCABAMBA,,,,,1,1,1,,3
PIURA,HUANCABAMBA,HUARMACA,,,,,,,,1,1
PIURA,AYABACA,AYABACA,,,,,,,,1,1
PIURA,AYABACA,MONTERO,,,,,,,,1,1
PIURA,AYABACA,PACAIPAMPA,,,,1,,,,,1
PIURA,AYABACA,PAIMAS,,,,,,,,1,1
PUNO,PUNO,ACORA,,,,1,1,,,,2
PUNO,PUNO,ATUNCOLLA,,,,1,,1,,,2
PUNO,PUNO,CHUCUITO,,,2,,,,,,2
PUNO,PUNO,PICHACANI,,,,,1,,,,1
PUNO,PUNO,PUNO,,,7,4,16,7,3,2,39
PUNO,CHUCUITO,DESAGUADERO,,1,,,1,,,,2
PUNO,CHUCUITO,JULI,,,1,1,1,,,,3
PUNO,CHUCUITO,POMATA,,1,3,1,,,,,5
PUNO,YUNGUYO,YUNGUYO,,,,,1,,,,1
PUNO,SAN ROMAN,JULIACA,,,,23,44,7,5,1,80
PUNO,SAN ROMAN,SAN MIGUEL,,,,1,,,,,1
PUNO,HUANCANE,HUANCANE,,,,1,,,,,1
PUNO,HUANCANE,INCHUPALLA,,1,1,,,,,,2
PUNO,HUANCANE,VILQUE CHICO,,1,,,,,,,1
PUNO,AZANGARO,ARAPA,,,,,,1,,,1
PUNO,AZANGARO,AZANGARO,,,2,3,2,,,1,8
PUNO,AZANGARO,CAMINACA,,,,,,,,1,1
PUNO,AZANGARO,MUÑANI,,,,2,,,,,2
PUNO,AZANGARO,SAN ANTON,,,,,1,,,,1
PUNO,AZANGARO,SAN JOSE,,,,,2,,,,2
PUNO,SANDIA,ALTO INAMBARI,,,,1,1,,1,1,4
PUNO,SANDIA,CUYOCUYO,,,,,,,,1,1
PUNO,SANDIA,PHARA,,,,,2,,,,2
PUNO,SANDIA,SAN JUAN DEL ORO,,,,,,,,1,1
PUNO,SANDIA,SAN PEDRO DE PUTINA PUNCO,,,,,,,3,,3
PUNO,SANDIA,SANDIA,,,2,3,7,,,,12
PUNO,CARABAYA,AYAPATA,,2,,2,1,,,,5
PUNO,CARABAYA,COASA,,,,1,,,,,1
PUNO,CARABAYA,CORANI,,1,,,,,,,1
PUNO,CARABAYA,ITUATA,,,,,1,,,,1
PUNO,CARABAYA,MACUSANI,,,,1,,,,,1
PUNO,LAMPA,CABANILLA,,,,1,,,,,1
PUNO,LAMPA,PALCA,,,,,,,1,,1
PUNO,LAMPA,PUCARA,,,,1,1,,,,2
PUNO,LAMPA,SANTA LUCIA,,1,,,,,,,1
PUNO,MOHO,CONIMA,,1,,1,1,,,,3
PUNO,MOHO,TILALI,,,1,,,,,,1
PUNO,EL COLLAO,ILAVE,,4,3,,4,,,,11
PUNO,SAN ANTONIO DE PUTINA,ANANEA,,,,1,,,,,1
PUNO,SAN ANTONIO DE PUTINA,PEDRO VILCA APAZA,,,1,,,,,,1
PUNO,SAN ANTONIO DE PUTINA,PUTINA,,,3,1,,,1,1,6
PUNO,SAN ANTONIO DE PUTINA,QUILCAPUNCU,,,,1,,,1,,2
PUNO,MELGAR,AYAVIRI,,,,,,,1,,1
PUNO,MELGAR,UMACHIRI,,,,1,,,,,1
SAN MARTIN,TOCACHE,NUEVO PROGRESO,,,,,,,1,,1
SAN MARTIN,TOCACHE,POLVORA,,,,,,,2,,2
SAN MARTIN,TOCACHE,TOCACHE,,,,1,1,,8,2,12
SAN MARTIN,PICOTA,BUENOS AIRES,,1,1,,,,,,2
SAN MARTIN,PICOTA,PICOTA,,2,,2,,2,,8,14
SAN MARTIN,PICOTA,PUCACACA,,2,1,,,,,,3
SAN MARTIN,PICOTA,SAN CRISTOBAL,,1,,,,,,,1
SAN MARTIN,PICOTA,SAN HILARION,,2,,,,,,,2
SAN MARTIN,PICOTA,TINGO DE PONASA,,,,,,,,1,1
SAN MARTIN,LAMAS,ALONSO DE ALVARADO,,1,1,2,1,,,,5
SAN MARTIN,LAMAS,BARRANQUITA,,1,,2,3,2,2,2,12
SAN MARTIN,LAMAS,CAYNARACHI,,6,3,5,3,,1,1,19
SAN MARTIN,LAMAS,CUÑUMBUQUI,,1,,2,,,,,3
SAN MARTIN,LAMAS,LAMAS,,3,3,3,7,,1,1,18
SAN MARTIN,LAMAS,PINTO RECODO,,1,,,,1,1,2,5
SAN MARTIN,LAMAS,RUMISAPA,,,,2,2,1,1,,6
SAN MARTIN,LAMAS,SAN ROQUE DE CUMBAZA,,,1,1,2,,,,4
SAN MARTIN,LAMAS,SHANAO,,,1,,,,,,1
SAN MARTIN,LAMAS,TABALOSOS,1,3,5,4,6,,1,2,22
SAN MARTIN,LAMAS,ZAPATERO,,1,1,,3,,,2,7
SAN MARTIN,MOYOBAMBA,CALZADA,,,,1,2,1,,,4
SAN MARTIN,MOYOBAMBA,HABANA,,,,1,,,,,1
SAN MARTIN,MOYOBAMBA,JEPELACIO,,,1,,1,1,3,,6
SAN MARTIN,MOYOBAMBA,MOYOBAMBA,,,7,7,7,3,10,4,38
SAN MARTIN,MOYOBAMBA,SORITOR,,,2,3,3,4,,1,13
SAN MARTIN,MOYOBAMBA,YANTALO,,,1,,,2,,,3
SAN MARTIN,MARISCAL CACERES,HUICUNGO,,,,,,,,1,1
SAN MARTIN,MARISCAL CACERES,JUANJUI,,,,7,4,6,5,3,25
SAN MARTIN,MARISCAL CACERES,PAJARILLO,,1,1,,,,,,2
SAN MARTIN,SAN MARTIN,ALBERTO LEVEAU,,1,,,,,,,1
SAN MARTIN,SAN MARTIN,CACATACHI,,1,,,,,,,1
SAN MARTIN,SAN MARTIN,CHAZUTA,,,,3,3,,,1,7
SAN MARTIN,SAN MARTIN,CHIPURANA,,1,1,,,,,,2
SAN MARTIN,SAN MARTIN,HUIMBAYOC,,3,1,,,,,,4
SAN MARTIN,SAN MARTIN,JUAN GUERRA,,,,3,,,,1,4
SAN MARTIN,SAN MARTIN,LA BANDA DE SHILCAYO,,11,1,10,11,,13,10,56
SAN MARTIN,SAN MARTIN,MORALES,,5,1,4,2,,1,,13
SAN MARTIN,SAN MARTIN,SAN ANTONIO,,,,,,,1,,1
SAN MARTIN,SAN MARTIN,SAUCE,,2,1,,,,,,3
SAN MARTIN,SAN MARTIN,SHAPAJA,,1,,,,,1,,2
SAN MARTIN,SAN MARTIN,TARAPOTO,,2,,6,11,1,1,,21
SAN MARTIN,BELLAVISTA,BELLAVISTA,,,,8,6,2,,4,20
SAN MARTIN,BELLAVISTA,SAN PABLO,,,,3,4,,,,7
SAN MARTIN,BELLAVISTA,SAN RAFAEL,,,,1,,,,,1
SAN MARTIN,HUALLAGA,ALTO SAPOSOA,,,,1,,,,2,3
SAN MARTIN,HUALLAGA,PISCOYACU,,2,,1,,1,,1,5
SAN MARTIN,HUALLAGA,SACANCHE,,,1,1,,,1,,3
SAN MARTIN,HUALLAGA,SAPOSOA,5,3,1,6,3,1,1,6,26
SAN MARTIN,EL DORADO,AGUA BLANCA,,,,1,,1,,,2
SAN MARTIN,EL DORADO,SAN JOSE DE SISA,,4,8,6,1,,2,3,24
SAN MARTIN,EL DORADO,SAN MARTIN,1,1,1,1,,,1,,5
SAN MARTIN,EL DORADO,SANTA ROSA,1,,2,,,,,,3
SAN MARTIN,EL DORADO,SHATOJA,,,1,,,,,,1
SAN MARTIN,RIOJA,AWAJUN,,,,,,,2,,2
SAN MARTIN,RIOJA,ELIAS SOPLIN VARGAS,,,,1,,,,2,3
SAN MARTIN,RIOJA,NUEVA CAJAMARCA,,,1,2,1,,,,4
SAN MARTIN,RIOJA,PARDO MIGUEL,,,,1,,,,2,3
SAN MARTIN,RIOJA,RIOJA,,,,,1,,,2,3
TACNA,TACNA,ALTO DE LA ALIANZA,,,,3,1,1,1,1,7
TACNA,TACNA,CIUDAD NUEVA,,,,7,1,1,,1,10
TACNA,TACNA,CORONEL GREGORIO ALBARRACIN LANCHIPA,1,,,15,1,2,4,1,24
TACNA,TACNA,LA YARADA LOS PALOS,,,,1,,,,,1
TACNA,TACNA,POCOLLAY,,,,4,,,,1,5
TACNA,TACNA,TACNA,,,,5,4,1,1,2,13
TACNA,TARATA,TARUCACHI,,,,,1,,,,1
TACNA,CANDARAVE,CAIRANI,,,,,,1,,,1
TUMBES,TUMBES,CORRALES,,,,,2,1,1,1,5
TUMBES,TUMBES,LA CRUZ,,,1,,,,1,,2
TUMBES,TUMBES,PAMPAS DE HOSPITAL,,,,,,,,1,1
TUMBES,TUMBES,SAN JACINTO,,,,,,,1,,1
TUMBES,TUMBES,TUMBES,,,4,12,6,8,4,16,50
TUMBES,ZARUMILLA,AGUAS VERDES,,,,1,,,,2,3
TUMBES,ZARUMILLA,PAPAYAL,,,,1,1,,,,2
TUMBES,ZARUMILLA,ZARUMILLA,,,,3,2,1,1,1,8
TUMBES,CONTRALMIRANTE VILLAR,ZORRITOS,,,1,1,,1,,,3
UCAYALI,CORONEL PORTILLO,CALLERIA,1,4,,15,37,7,10,18,92
UCAYALI,CORONEL PORTILLO,CAMPOVERDE,,,,,6,3,3,2,14
UCAYALI,CORONEL PORTILLO,IPARIA,,,1,1,3,,,,5
UCAYALI,CORONEL PORTILLO,MANANTAY,2,17,,13,14,8,12,27,93
UCAYALI,CORONEL PORTILLO,MASISEA,,,,,1,,,2,3
UCAYALI,CORONEL PORTILLO,NUEVA REQUENA,,,,1,2,1,,,4
UCAYALI,CORONEL PORTILLO,YARINACOCHA,,,,3,7,2,9,6,27
UCAYALI,PADRE ABAD,ALEXANDER VON HUMBOLDT,,,,1,,,,,1
UCAYALI,PADRE ABAD,CURIMANA,,,,,,1,2,,3
UCAYALI,PADRE ABAD,HUIPOCA,,,,,,,,1,1
UCAYALI,PADRE ABAD,IRAZOLA,,,,,,1,5,7,13
UCAYALI,PADRE ABAD,NESHUYA,,,,,3,,,7,10
UCAYALI,PADRE ABAD,PADRE ABAD,,,,2,1,4,10,5,22
UCAYALI,ATALAYA,RAIMONDI,,,,32,36,48,80,48,244
UCAYALI,ATALAYA,RAYMONDI,3,16,25,,,,,,44
UCAYALI,ATALAYA,SEPAHUA,1,7,3,7,,1,1,1,21
UCAYALI,ATALAYA,TAHUANIA,,2,13,1,9,1,2,,28
