DEPARTAMENTO,PROVINCIA,DISTRITO,2010,2011,2012,2013,2014,2015,2016,2017,2018,2019,2020,2021,2022,TOTAL,,,,,,,,,
AMAZONAS,CHACHAPOYAS,CHACHAPOYAS,,,,1,,,,,,,1,,,2,,,,,,,,,
AMAZONAS,BAGUA,ARAMANGO,,,,,1,,,,,,,,,1,,,,,,,,,
AMAZONAS,BAGUA,BAGUA,,,,,,,,,,3,,,,3,,,,,,,,,
AMAZONAS,BAGUA,IMAZA,,,1,5,1,1,3,,,,,,,11,,,,,,,,,
AMAZONAS,BAGUA,LA PECA,,,,,1,,,,,,,,,1,,,,,,,,,
AMAZONAS,BONGARA,FLORIDA,1,,,,,,,,,,,,,1,,,,,,,,,
AMAZONAS,BONGARA,JAZAN,,,2,,,,,,,,,,,2,,,,,,,,,
AMAZONAS,BONGARA,SHIPASBAMBA,,,,,1,,,,,,,,,1,,,,,,,,,
AMAZONAS,CONDORCANQUI,EL CENEPA,,1,1,,,,,,,,,,,2,,,,,,,,,
AMAZONAS,CONDORCANQUI,NIEVA,,,1,,3,,1,,2,,,,1,8,,,,,,,,,
AMAZONAS,RODRIGUEZ DE MENDOZA,SAN NICOLAS,,,,,,,,,,,,1,,1,,,,,,,,,
ANCASH,CASMA,BUENA VISTA ALTA,,1,,,,,,,,,,,,1,,,,,,,,,
ANCASH,CASMA,CASMA,1,,,,,,,,,,,,1,2,,,,,,,,,
ANCASH,SANTA,CHIMBOTE,,1,,,,,,,1,,1,,,3,,,,,,,,,
ANCASH,SANTA,NEPEÑA,,,,,,,,,,,,,1,1,,,,,,,,,
ANCASH,SANTA,NUEVO CHIMBOTE,,,,1,,,1,1,,,,,3,6,,,,,,,,,
ANCASH,SANTA,YUNGAY,,,1,,,,,,,,,,,1,,,,,,,,,
ANCASH,HUARAZ,HUARAZ,,,,1,,,,,,,1,,,2,,,,,,,,,
ANCASH,HUARAZ,INDEPENDENCIA,,,1,,,,1,,,,,,,2,,,,,,,,,
ANCASH,RECUAY,PARARIN,,1,,,,,,,,,,,,1,,,,,,,,,
ANCASH,RECUAY,RECUAY,,,1,,,,,,,,,,,1,,,,,,,,,
ANCASH,HUAYLAS,CARAZ,,,,,,,,,,1,,1,,2,,,,,,,,,
ANCASH,BOLOGNESI,CHIQUIAN,,,,,,1,,,,,,,,1,,,,,,,,,
ANCASH,CARHUAZ,ANTA,,,,,,,1,,,,,,,1,,,,,,,,,
ANCASH,CARHUAZ,CARHUAZ,,,,,,,,,,,,,1,1,,,,,,,,,
ANCASH,ASUNCION,CHACAS,1,,,,,,,,,,,,,1,,,,,,,,,
ANCASH,SIHUAS,SIHUAS,,,,,,,,1,,,,,,1,,,,,,,,,
ANCASH,MARISCAL LUZURIAGA,CASCA,,,,,,,,,,,,1,,1,,,,,,,,,
APURIMAC,ABANCAY,ABANCAY,,,1,,,,,1,,1,,,2,5,,,,,,,,,
APURIMAC,ABANCAY,CURAHUASI,,,,,1,,,,,,,,,1,,,,,,,,,
APURIMAC,ABANCAY,LAMBRAMA,,,,,,,,,1,,,,,1,,,,,,,,,
APURIMAC,COTABAMBAS,COYLLURQUI,,,,,2,,,,,,,,,2,,,,,,,,,
APURIMAC,AYMARAES,CHALHUANCA,,,,,,,1,,,,,,,1,,,,,,,,,
APURIMAC,AYMARAES,CHAPIMARCA,1,,,,,,,,,,,,,1,,,,,,,,,
APURIMAC,AYMARAES,COTARUSE,,,,,,,,,,,,,4,4,,,,,,,,,
APURIMAC,GRAU,CHUQUIBAMBILLA,,,,,1,,,,1,,,,,2,,,,,,,,,
APURIMAC,GRAU,MARISCAL GAMARRA,,,,,,,,,,,,,1,1,,,,,,,,,
APURIMAC,ANDAHUAYLAS,ANDAHUAYLAS,,,1,1,2,,,3,,1,,1,,9,,,,,,,,,
APURIMAC,ANDAHUAYLAS,PACUCHA,,,,,,,,,1,,,,,1,,,,,,,,,
APURIMAC,ANDAHUAYLAS,PAMPACHIRI,,,,,,1,,,1,,,,,2,,,,,,,,,
APURIMAC,ANDAHUAYLAS,SAN JERONIMO,,,,,,,,1,,,1,,,2,,,,,,,,,
APURIMAC,ANDAHUAYLAS,SANTA MARIA DE CHICMO,,,,,,,1,,,,,,,1,,,,,,,,,
APURIMAC,ANDAHUAYLAS,TALAVERA,,,1,,,,,,,,,,,1,,,,,,,,,
APURIMAC,CHINCHEROS,ANCO-HUALLO,,,,,,,,,,,,1,,1,,,,,,,,,
APURIMAC,CHINCHEROS,HUACCANA,,,,,,,,1,,,,,,1,,,,,,,,,
AREQUIPA,AREQUIPA,ALTO SELVA ALEGRE,,1,,,1,,,,,2,1,2,1,8,,,,,,,,,
AREQUIPA,AREQUIPA,AREQUIPA,,1,,1,,,,,,,,,1,3,,,,,,,,,
AREQUIPA,AREQUIPA,CAYMA,,,,,,,,,,2,1,,2,5,,,,,,,,,
AREQUIPA,AREQUIPA,CERRO COLORADO,2,1,,,,,5,4,1,1,2,5,3,24,,,,,,,,,
AREQUIPA,AREQUIPA,CHARACATO,,,,,,,,,,,,,1,1,,,,,,,,,
AREQUIPA,AREQUIPA,JOSE LUIS BUSTAMANTE Y RIVERO,,,,,,,,2,,,,,1,3,,,,,,,,,
AREQUIPA,AREQUIPA,LA JOYA,,,,,,,,1,1,2,,1,3,8,,,,,,,,,
AREQUIPA,AREQUIPA,MARIANO MELGAR,,,,,1,,1,1,1,,,3,5,12,,,,,,,,,
AREQUIPA,AREQUIPA,MIRAFLORES,,,,,,,,,,1,,,1,2,,,,,,,,,
AREQUIPA,AREQUIPA,PAUCARPATA,,,1,,,,,2,2,4,2,1,5,17,,,,,,,,,
AREQUIPA,AREQUIPA,SABANDIA,,,1,,,,,,,,,,,1,,,,,,,,,
AREQUIPA,AREQUIPA,SACHACA,,,,,,,,,1,,1,1,1,4,,,,,,,,,
AREQUIPA,AREQUIPA,SOCABAYA,,,,,1,,,,1,,,1,,3,,,,,,,,,
AREQUIPA,AREQUIPA,TIABAYA,,,,,,,,,1,,2,,,3,,,,,,,,,
AREQUIPA,AREQUIPA,UCHUMAYO,,,,,,,,,,,1,1,,2,,,,,,,,,
AREQUIPA,AREQUIPA,YURA,,1,,,,,1,3,1,,,,1,7,,,,,,,,,
AREQUIPA,CARAVELI,CHALA,,,,,,,,,,,,,2,2,,,,,,,,,
AREQUIPA,CAMANA,CAMANA,,,,,,,,,1,,,,2,3,,,,,,,,,
AREQUIPA,CAMANA,MARISCAL CACERES,,,,,,,,,,,,2,,2,,,,,,,,,
AREQUIPA,ISLAY,COCACHACRA,,,,,,,,,1,,,,,1,,,,,,,,,
AREQUIPA,ISLAY,MOLLENDO,,1,,,1,,,,,,,,,2,,,,,,,,,
AREQUIPA,CAYLLOMA,CHIVAY,,,,1,,,,,,,,,,1,,,,,,,,,
AREQUIPA,CAYLLOMA,MAJES,,,,,,,,8,1,1,,1,5,16,,,,,,,,,
AREQUIPA,CASTILLA,URACA,,,,,,,,,1,,,,,1,,,,,,,,,
AYACUCHO,HUAMANGA,ANDRES AVELINO CACERES D.,,,,,,,,,,,,,1,1,,,,,,,,,
AYACUCHO,HUAMANGA,AYACUCHO,,,,,,1,3,,2,,4,,1,11,,,,,,,,,
AYACUCHO,HUAMANGA,CARMEN ALTO,,,,,,,,,,,2,1,2,5,,,,,,,,,
AYACUCHO,HUAMANGA,JESUS NAZARENO,,,,,,,1,,,,,1,1,3,,,,,,,,,
AYACUCHO,HUAMANGA,SAN JUAN BAUTISTA,,,,,,,1,,,,1,2,1,5,,,,,,,,,
AYACUCHO,HUAMANGA,SOCOS,,,,,1,,,,,,,,,1,,,,,,,,,
AYACUCHO,HUAMANGA,VINCHOS,,,,,,,1,,,,,,,1,,,,,,,,,
AYACUCHO,HUANTA,AYAHUANCO,,,,,,,,,,,,,1,1,,,,,,,,,
AYACUCHO,HUANTA,HUANTA,,,,,,,1,,,2,,1,2,6,,,,,,,,,
AYACUCHO,HUANTA,LLOCHEGUA,,,,1,,,,,,,,,,1,,,,,,,,,
AYACUCHO,HUANTA,SANTILLANA,,,,,1,,,,,,,,,1,,,,,,,,,
AYACUCHO,HUANTA,SIVIA,,,,,,,,,1,,,,,1,,,,,,,,,
AYACUCHO,HUANTA,UCHURACCAY,,,,,,,,1,,,,,,1,,,,,,,,,
AYACUCHO,LUCANAS,CHAVIÑA,,,,,,,,1,,,,,,1,,,,,,,,,
AYACUCHO,LA MAR,AYNA,,,1,,,1,1,1,,,,,,4,,,,,,,,,
AYACUCHO,LA MAR,SAMUGARI,,,,,,,,,1,,,,,1,,,,,,,,,
AYACUCHO,LA MAR,SAN MIGUEL,,,,,,,,,,,,,1,1,,,,,,,,,
AYACUCHO,LA MAR,SANTA ROSA,,,,,1,,1,1,1,1,,,1,6,,,,,,,,,
AYACUCHO,VILCAS HUAMAN,ACCOMARCA,,,,1,,,,,,,,,,1,,,,,,,,,
AYACUCHO,CANGALLO,CANGALLO,,,,,,1,,,,,,,,1,,,,,,,,,
CAJAMARCA,JAEN,JAEN,,,,,1,,1,,,,,4,,6,,,,,,,,,
CAJAMARCA,JAEN,PUCARA,,,,,,,,,,,,1,,1,,,,,,,,,
CAJAMARCA,SAN IGNACIO,SAN IGNACIO,,,,,,,,,,,,,1,1,,,,,,,,,
CAJAMARCA,SAN IGNACIO,SAN JOSE DE LOURDES,,,,,1,,,,,,,,,1,,,,,,,,,
CAJAMARCA,CAJAMARCA,CAJAMARCA,,,,,,,,1,,,,,,1,,,,,,,,,
CAJAMARCA,CUTERVO,CUTERVO,,,,,,,,,,,,,1,1,,,,,,,,,
CAJAMARCA,CONTUMAZA,CONTUMAZA,,,,,,,,1,,,,,,1,,,,,,,,,
CAJAMARCA,SANTA CRUZ,LA ESPERANZA,1,,,,,,,,,,,,,1,,,,,,,,,
CAJAMARCA,CHOTA,CHOTA,,,,,1,,1,,,,,,,2,,,,,,,,,
CAJAMARCA,CHOTA,CONCHAN,,,,,,,1,,,,,,,1,,,,,,,,,
CAJAMARCA,CHOTA,LLAMA,,,,,,,,,,1,,,,1,,,,,,,,,
CAJAMARCA,CHOTA,TACABAMBA,,,,,1,,,,,,,,,1,,,,,,,,,
CAJAMARCA,HUALGAYOC,BAMBAMARCA,,,,,,,,1,,,,,,1,,,,,,,,,
CALLAO,CALLAO,BELLAVISTA,4,1,1,1,,,1,1,2,,,,,11,,,,,,,,,
CALLAO,CALLAO,CALLAO,10,6,5,11,5,7,5,6,15,15,7,7,8,107,,,,,,,,,
CALLAO,CALLAO,CARMEN DE LA LEGUA REYNOSO,1,1,,1,,,1,,1,,1,,2,8,,,,,,,,,
CALLAO,CALLAO,LA PERLA,2,1,,,,,1,,,,,1,1,6,,,,,,,,,
CALLAO,CALLAO,MI PERU,,,,,,,,,1,,,,,1,,,,,,,,,
CALLAO,CALLAO,VENTANILLA,4,2,1,2,4,3,8,19,3,11,2,2,,61,,,,,,,,,
CUSCO,ANTA,ANTA,2,,1,,,,,,,,1,,,4,,,,,,,,,
CUSCO,ANTA,CHINCHAYPUJIO,,,1,,,,,,,,,1,,2,,,,,,,,,
CUSCO,ANTA,HUAROCONDO,,,,,,,,,,1,,,,1,,,,,,,,,
CUSCO,ANTA,LIMATAMBO,1,,,,,,,,,,,,,1,,,,,,,,,
CUSCO,ANTA,MOLLEPATA,,,,,,,1,,,1,,,,2,,,,,,,,,
CUSCO,ANTA,PUCYURA,,,,,,,,1,,,,,,1,,,,,,,,,
CUSCO,ANTA,ZURITE,,,,,,1,1,,,,,,,2,,,,,,,,,
CUSCO,CUSCO,CCORCA,,,,,1,,,,,,,,,1,,,,,,,,,
CUSCO,CUSCO,CUSCO,1,6,3,4,4,,1,,1,1,,,1,22,,,,,,,,,
CUSCO,CUSCO,POROY,,,,2,2,,,,,,,,,4,,,,,,,,,
CUSCO,CUSCO,SAN JERONIMO,,,2,,,,1,,,3,1,1,,8,,,,,,,,,
CUSCO,CUSCO,SAN SEBASTIAN,,2,2,,2,1,2,,2,2,3,,,16,,,,,,,,,
CUSCO,CUSCO,SANTIAGO,3,5,7,4,4,1,2,3,1,,1,2,1,34,,,,,,,,,
CUSCO,CUSCO,SAYLLA,,,,1,,,,,,2,,,1,4,,,,,,,,,
CUSCO,CUSCO,WANCHAQ,,,1,,1,,,1,,2,,,,5,,,,,,,,,
CUSCO,CHUMBIVILCAS,COLQUEMARCA,,,,,,,1,,,,,1,,2,,,,,,,,,
CUSCO,CHUMBIVILCAS,LLUSCO,,,,,,,,,,,1,,,1,,,,,,,,,
CUSCO,CHUMBIVILCAS,SANTO TOMAS,,,,,,,,,,2,,,,2,,,,,,,,,
CUSCO,CHUMBIVILCAS,VELILLE,,,,,,,,,,,,1,,1,,,,,,,,,
CUSCO,LA CONVENCION,ECHARATE,,1,2,1,,,,,,3,1,,1,9,,,,,,,,,
CUSCO,LA CONVENCION,HUAYOPATA,,,,,,,,,,1,,,,1,,,,,,,,,
CUSCO,LA CONVENCION,INKAWASI,,,,,,,,,,,,,1,1,,,,,,,,,
CUSCO,LA CONVENCION,KIMBIRI,,,1,,,1,2,2,,,,1,2,9,,,,,,,,,
CUSCO,LA CONVENCION,MARANURA,1,,1,,,,,,,,,,,2,,,,,,,,,
CUSCO,LA CONVENCION,OCOBAMBA,,,,,,,1,,,,,,,1,,,,,,,,,
CUSCO,LA CONVENCION,PICHARI,,,,,,,,1,,1,,1,1,4,,,,,,,,,
CUSCO,LA CONVENCION,QUELLOUNO,,,,1,,,,,,,,,,1,,,,,,,,,
CUSCO,LA CONVENCION,SANTA ANA,,,2,2,,,1,1,1,,2,,,9,,,,,,,,,
CUSCO,LA CONVENCION,VILCABAMBA,1,,,,,,,,,,,,,1,,,,,,,,,
CUSCO,LA CONVENCION,VILLA VIRGEN,,,,,,,,,,,1,,,1,,,,,,,,,
CUSCO,CALCA,CALCA,,,1,1,,,1,,1,,,,,4,,,,,,,,,
CUSCO,CALCA,LAMAY,,,,,1,,,,,1,,,,2,,,,,,,,,
CUSCO,CALCA,LARES,,,1,,,,,,,,,,,1,,,,,,,,,
CUSCO,CALCA,PISAC,,,,1,,1,,,,,1,,,3,,,,,,,,,
CUSCO,CALCA,SAN SALVADOR,,,,,1,,,,,,,,,1,,,,,,,,,
CUSCO,CALCA,TARAY,,,,,1,,,,,,,,,1,,,,,,,,,
CUSCO,CALCA,YANATILE,,,,,,,1,,,,,,,1,,,,,,,,,
CUSCO,URUBAMBA,MARAS,,,,,,,,1,,,,,,1,,,,,,,,,
CUSCO,URUBAMBA,OLLANTAYTAMBO,,,,,2,,,1,,,,,,3,,,,,,,,,
CUSCO,URUBAMBA,URUBAMBA,,,,1,1,,,,,,,,,2,,,,,,,,,
CUSCO,PAUCARTAMBO,CHALLABAMBA,,,,,1,,,,1,,,,,2,,,,,,,,,
CUSCO,PAUCARTAMBO,COLQUEPATA,,,,1,,,,,,,,,,1,,,,,,,,,
CUSCO,PAUCARTAMBO,HUANCARANI,,,,,,,,1,,1,,1,,3,,,,,,,,,
CUSCO,PAUCARTAMBO,KOSÑIPATA,,,,1,,,,2,1,,,,,4,,,,,,,,,
CUSCO,QUISPICANCHI,CCATCA,,,,,,,,,,,1,,,1,,,,,,,,,
CUSCO,QUISPICANCHI,CUSIPATA,,,,1,,,,,,,,,,1,,,,,,,,,
CUSCO,QUISPICANCHI,LUCRE,,,,1,,,,,,,,,,1,,,,,,,,,
CUSCO,QUISPICANCHI,OROPESA,,,,,,,,,3,2,1,,,6,,,,,,,,,
CUSCO,QUISPICANCHI,QUIQUIJANA,,,,,,,1,,,,,,,1,,,,,,,,,
CUSCO,QUISPICANCHI,URCOS,2,,,,,,,,,1,,,,3,,,,,,,,,
CUSCO,CANCHIS,CHECACUPE,,,,,,,,,,,,1,,1,,,,,,,,,
CUSCO,CANCHIS,SAN PABLO,,,,,,,,,,,1,,,1,,,,,,,,,
CUSCO,CANCHIS,SICUANI,,,,,1,1,,2,3,1,1,1,,10,,,,,,,,,
CUSCO,CANCHIS,TINTA,,,,,,,,,,,1,,,1,,,,,,,,,
CUSCO,PARURO,ACCHA,,,,,,,,,,1,,,,1,,,,,,,,,
CUSCO,PARURO,HUANOQUITE,,,,1,,,1,,,,,,,2,,,,,,,,,
CUSCO,CANAS,PAMPAMARCA,,,,,,,,,,,1,,,1,,,,,,,,,
CUSCO,ESPINAR,ESPINAR,,1,,,,,,,,,,,,1,,,,,,,,,
CUSCO,ACOMAYO,ACOMAYO,,,1,1,,,,,,,,,,2,,,,,,,,,
CUSCO,ACOMAYO,ACOS,,,,1,,,,,,,,,,1,,,,,,,,,
HUANCAVELICA,ACOBAMBA,PAUCARA,,,,1,,,,,,,,,,1,,,,,,,,,
HUANCAVELICA,TAYACAJA,AHUAYCHA,,,,,,,,,1,,,,,1,,,,,,,,,
HUANCAVELICA,TAYACAJA,COLCABAMBA,1,,1,,1,,,,,,,,,3,,,,,,,,,
HUANCAVELICA,TAYACAJA,DANIEL HERNANDEZ,,,,,,1,,,1,,,,,2,,,,,,,,,
HUANCAVELICA,TAYACAJA,HUARIBAMBA,,1,,,,,,,,,,,,1,,,,,,,,,
HUANCAVELICA,TAYACAJA,PAMPAS,,,,,,,,,,1,,,,1,,,,,,,,,
HUANCAVELICA,TAYACAJA,PAZOS,1,,,,,,,,,,,,,1,,,,,,,,,
HUANCAVELICA,TAYACAJA,PICHOS,,,,,,,,,,,,1,,1,,,,,,,,,
HUANCAVELICA,TAYACAJA,SALCABAMBA,,1,,,,,,,,,,,,1,,,,,,,,,
HUANCAVELICA,TAYACAJA,TINTAY PUNCU,1,,,,,,,,,,,,,1,,,,,,,,,
HUANCAVELICA,HUANCAVELICA,ACORIA,,1,,,,,,,,,,,,1,,,,,,,,,
HUANCAVELICA,HUANCAVELICA,ASCENSION,,,1,,,1,,,,,,,,2,,,,,,,,,
HUANCAVELICA,HUANCAVELICA,HUANCAVELICA,,,2,,,,,,,,,,,2,,,,,,,,,
HUANCAVELICA,HUANCAVELICA,MARISCAL CACERES,,,1,,,,,,,,,,,1,,,,,,,,,
HUANCAVELICA,HUANCAVELICA,YAULI,1,,,,,,,,,,,,,1,,,,,,,,,
HUANCAVELICA,ANGARAES,LIRCAY,,,,,1,,,,,,,,,1,,,,,,,,,
HUANCAVELICA,HUAYTARA,CORDOVA,,,,,1,,,,,,,,,1,,,,,,,,,
HUANUCO,HUAMALIES,JACAS GRANDE,,,,,,,,,,1,,,,1,,,,,,,,,
HUANUCO,HUAMALIES,PUÑOS,1,,,,,,,,,,,,,1,,,,,,,,,
HUANUCO,HUANUCO,AMARILIS,4,1,,,,2,1,,,,1,2,,11,,,,,,,,,
HUANUCO,HUANUCO,CHURUBAMBA,2,,1,,,,,,,,1,,,4,,,,,,,,,
HUANUCO,HUANUCO,HUANUCO,,,3,1,2,,,2,,2,1,1,1,13,,,,,,,,,
HUANUCO,HUANUCO,PILLCO MARCA,3,,,,,,1,2,,,1,,,7,,,,,,,,,
HUANUCO,HUANUCO,SAN PABLO DE PILLAO,,,,,,,,,,,1,,,1,,,,,,,,,
HUANUCO,HUANUCO,SANTA MARIA DEL VALLE,4,,,1,1,,,,,,,,,6,,,,,,,,,
HUANUCO,PACHITEA,CHAGLLA,,1,,,,,,,,,,,,1,,,,,,,,,
HUANUCO,PACHITEA,MOLINO,11,8,3,,,,,,,,,2,,24,,,,,,,,,
HUANUCO,PACHITEA,PANAO,8,6,2,,,1,,,2,1,,1,,21,,,,,,,,,
HUANUCO,PACHITEA,UMARI,4,5,2,1,1,,,,,2,1,,,16,,,,,,,,,
HUANUCO,LEONCIO PRADO,JOSE CRESPO Y CASTILLO,,1,,1,,,1,,,,,,,3,,,,,,,,,
HUANUCO,LEONCIO PRADO,MARIANO DAMASO BERAUN,1,,,,1,,,,,,,,,2,,,,,,,,,
HUANUCO,LEONCIO PRADO,RUPA-RUPA,,1,,,2,,,,,1,,,,4,,,,,,,,,
HUANUCO,LAURICOCHA,BAÑOS,,,1,,,,,,,,,,,1,,,,,,,,,
HUANUCO,LAURICOCHA,SAN FRANCISCO DE ASIS,,,1,,,,,,,,,,,1,,,,,,,,,
HUANUCO,HUACAYBAMBA,COCHABAMBA,,,,,,,,1,,,,,,1,,,,,,,,,
HUANUCO,DOS DE MAYO,LA UNION,,1,,,,,,,,,,,,1,,,,,,,,,
HUANUCO,DOS DE MAYO,MARIAS,,,,,,,,1,,,,,,1,,,,,,,,,
HUANUCO,DOS DE MAYO,SHUNQUI,,,,1,,,,,,,,,,1,,,,,,,,,
HUANUCO,PUERTO INCA,PUERTO INCA,,,1,,,,,1,,,,1,,3,,,,,,,,,
HUANUCO,PUERTO INCA,TOURNAVISTA,,1,,1,,,,,,,,,,2,,,,,,,,,
HUANUCO,PUERTO INCA,YUYAPICHIS,,1,,,,,,,,1,,,,2,,,,,,,,,
HUANUCO,AMBO,AMBO,,3,,,,,,,,,,1,,4,,,,,,,,,
HUANUCO,AMBO,CONCHAMARCA,1,,,,,,,,,,,,,1,,,,,,,,,
HUANUCO,AMBO,HUACAR,,,2,,,,,,,,,1,,3,,,,,,,,,
HUANUCO,YAROWILCA,APARICIO POMARES,,,2,,,,,,,,,,,2,,,,,,,,,
ICA,ICA,ICA,,1,,,,,1,,,1,,2,2,7,,,,,,,,,
ICA,ICA,LA TINGUIÑA,,,,,,,,,,,,2,,2,,,,,,,,,
ICA,ICA,LOS AQUIJES,,,,,,,,,,,,,1,1,,,,,,,,,
ICA,ICA,PACHACUTEC,,,,,,,,,,,,,1,1,,,,,,,,,
ICA,ICA,SANTIAGO,,,,,,,1,,,,,,1,2,,,,,,,,,
ICA,ICA,SUBTANJALLA,,,,,,,,,,,,,1,1,,,,,,,,,
ICA,ICA,YAUCA DEL ROSARIO,,,,,,,,,1,,,,,1,,,,,,,,,
ICA,CHINCHA,CHINCHA ALTA,,,,,,,,,,,1,1,,2,,,,,,,,,
ICA,CHINCHA,CHINCHA BAJA,,,,,,,,,,,,1,,1,,,,,,,,,
ICA,CHINCHA,GROCIO PRADO,,,,,,,,1,1,,,,,2,,,,,,,,,
ICA,CHINCHA,PUEBLO NUEVO,,,,,,,3,1,,3,1,,,8,,,,,,,,,
ICA,CHINCHA,SUNAMPE,1,,,,,,,1,1,,1,,,4,,,,,,,,,
ICA,PISCO,PISCO,,,,,,,,1,3,3,,1,5,13,,,,,,,,,
ICA,PISCO,SAN ANDRES,,,,,,,,1,,,,,1,2,,,,,,,,,
ICA,PISCO,SAN CLEMENTE,,,,,,,,,,,,,1,1,,,,,,,,,
ICA,NAZCA,CHANGUILLO,,,,,,,1,,,,,,,1,,,,,,,,,
ICA,NAZCA,NAZCA,,,,,,,,,2,,,,,2,,,,,,,,,
ICA,PALPA,PALPA,,,,,,,1,,1,,,,,2,,,,,,,,,
ICA,IMPORTADO,IMPORTADO,,,,,,,,,1,5,3,1,,10,,,,,,,,,
JUNIN,SATIPO,COVIRIALI,,,,,,,,,,,,,2,2,,,,,,,,,
JUNIN,SATIPO,MAZAMARI,,1,,,1,,1,3,,,,1,3,10,,,,,,,,,
JUNIN,SATIPO,PAMPA HERMOSA,,,,,,,,,1,,,,,1,,,,,,,,,
JUNIN,SATIPO,PANGOA,,,,,,1,3,1,,,,,1,6,,,,,,,,,
JUNIN,SATIPO,RIO NEGRO,,,1,,,,1,1,2,,,2,1,8,,,,,,,,,
JUNIN,SATIPO,RIO TAMBO,,,1,,,,1,,,,,2,3,7,,,,,,,,,
JUNIN,SATIPO,SATIPO,,,1,1,,,4,,1,,,7,9,23,,,,,,,,,
JUNIN,TARMA,TARMA,,,,,,1,,,,,,,,1,,,,,,,,,
JUNIN,HUANCAYO,CHILCA,,1,,1,1,3,3,1,,2,2,1,2,17,,,,,,,,,
JUNIN,HUANCAYO,CHUPURO,1,,,,,,,,,,,,,1,,,,,,,,,
JUNIN,HUANCAYO,COLCA,1,,1,,,,,,,,,,,2,,,,,,,,,
JUNIN,HUANCAYO,CULLHUAS,,1,,,,,,,,,,,,1,,,,,,,,,
JUNIN,HUANCAYO,EL TAMBO,,3,,2,1,2,1,1,,,2,1,2,15,,,,,,,,,
JUNIN,HUANCAYO,HUANCAN,,1,1,,,,,,,,1,,1,4,,,,,,,,,
JUNIN,HUANCAYO,HUANCAYO,1,4,4,2,6,,2,3,2,,1,3,,28,,,,,,,,,
JUNIN,HUANCAYO,HUAYUCACHI,,,,,,,,,,,1,,,1,,,,,,,,,
JUNIN,HUANCAYO,PARIAHUANCA,,,,,1,2,,,,,,,,3,,,,,,,,,
JUNIN,HUANCAYO,PILCOMAYO,,1,,,,,,,1,,,1,,3,,,,,,,,,
JUNIN,HUANCAYO,QUILCAS,,,1,1,,,,,,,,,,2,,,,,,,,,
JUNIN,HUANCAYO,SAN AGUSTIN,,,1,2,,2,,1,,,,,,6,,,,,,,,,
JUNIN,HUANCAYO,SAN JERONIMO DE TUNAN,,,,1,,,,,1,,,,,2,,,,,,,,,
JUNIN,HUANCAYO,SAPALLANGA,,,,,,1,,1,,,,,,2,,,,,,,,,
JUNIN,HUANCAYO,SICAYA,,1,,,,1,,,,,1,,,3,,,,,,,,,
JUNIN,CHANCHAMAYO,CHANCHAMAYO,1,,,,,,,,,,,,,1,,,,,,,,,
JUNIN,CHANCHAMAYO,PERENE,,2,1,2,,,1,1,2,1,1,,1,12,,,,,,,,,
JUNIN,CHANCHAMAYO,PICHANAQUI,2,,,1,,1,,,,1,,,1,6,,,,,,,,,
JUNIN,YAULI,LA OROYA,,,1,,,,1,,,1,,,,3,,,,,,,,,
JUNIN,CONCEPCION,ANDAMARCA,,,,,,,1,,,,,,,1,,,,,,,,,
JUNIN,CONCEPCION,CHAMBARA,,1,,,,,,,,,,,,1,,,,,,,,,
JUNIN,CONCEPCION,COMAS,,,,1,,,,,,,,,,1,,,,,,,,,
JUNIN,CONCEPCION,CONCEPCION,,,,1,,,2,,,,,,,3,,,,,,,,,
JUNIN,CONCEPCION,MATAHUASI,1,,,,,,,1,,,1,,,3,,,,,,,,,
JUNIN,CONCEPCION,SANTA ROSA DE OCOPA,1,,,,,,,,,,,,,1,,,,,,,,,
JUNIN,JAUJA,EL MANTARO,,1,,,,,,,,,,,,1,,,,,,,,,
JUNIN,JAUJA,HUAMALI,,1,,,,,,,,1,,,,2,,,,,,,,,
JUNIN,CHUPACA,CHONGOS BAJO,,,,,,1,2,,,,,,,3,,,,,,,,,
JUNIN,CHUPACA,CHUPACA,1,,1,,1,,,,,,,1,,4,,,,,,,,,
JUNIN,CHUPACA,TRES DE DICIEMBRE,,,,,,,1,,,,,,,1,,,,,,,,,
LA LIBERTAD,ASCOPE,ASCOPE,,,,,,,,,,,,1,,1,,,,,,,,,
LA LIBERTAD,ASCOPE,CASA GRANDE,,3,,,3,,,,,,,,,6,,,,,,,,,
LA LIBERTAD,ASCOPE,CHICAMA,,,,,1,,,,,,,,,1,,,,,,,,,
LA LIBERTAD,ASCOPE,MAGDALENA DE CAO,,,,,,,,1,,,,,,1,,,,,,,,,
LA LIBERTAD,ASCOPE,PAIJAN,,1,,,,1,1,,,,,,,3,,,,,,,,,
LA LIBERTAD,ASCOPE,RAZURI,,,,,,,,,,1,,,,1,,,,,,,,,
LA LIBERTAD,ASCOPE,SANTIAGO DE CAO,,,,,,,,1,,,,,,1,,,,,,,,,
LA LIBERTAD,TRUJILLO,EL PORVENIR,,6,4,7,5,1,8,6,1,4,,1,2,45,,,,,,,,,
LA LIBERTAD,TRUJILLO,FLORENCIA DE MORA,,2,,5,1,,1,,1,4,2,3,1,20,,,,,,,,,
LA LIBERTAD,TRUJILLO,HUANCHACO,,,1,1,,7,,,1,1,2,1,,14,,,,,,,,,
LA LIBERTAD,TRUJILLO,LA ESPERANZA,3,3,1,4,4,9,7,8,1,5,1,,3,49,,,,,,,,,
LA LIBERTAD,TRUJILLO,LAREDO,1,1,1,2,2,1,2,,,,1,,1,12,,,,,,,,,
LA LIBERTAD,TRUJILLO,MOCHE,,,,,1,,,1,,,1,,,3,,,,,,,,,
LA LIBERTAD,TRUJILLO,SALAVERRY,,,,,1,,,,,,,,,1,,,,,,,,,
LA LIBERTAD,TRUJILLO,TRUJILLO,1,,1,4,5,4,2,1,1,4,,3,,26,,,,,,,,,
LA LIBERTAD,TRUJILLO,VICTOR LARCO HERRERA,,,,2,,,,,2,,,,1,5,,,,,,,,,
LA LIBERTAD,PACASMAYO,GUADALUPE,,1,,,1,,,,,,,,,2,,,,,,,,,
LA LIBERTAD,PACASMAYO,PACASMAYO,,,,,,1,,,,,,1,,2,,,,,,,,,
LA LIBERTAD,PACASMAYO,SAN JOSE,1,,,,,,,,,,,,,1,,,,,,,,,
LA LIBERTAD,PACASMAYO,SAN PEDRO DE LLOC,,,,,,1,,,,,,,,1,,,,,,,,,
LA LIBERTAD,CHEPEN,CHEPEN,,1,2,,,,,,,,,,1,4,,,,,,,,,
LA LIBERTAD,CHEPEN,PACANGA,,,1,,,,,,,,,,,1,,,,,,,,,
LA LIBERTAD,VIRU,CHAO,,,,1,,,,,,5,,4,1,11,,,,,,,,,
LA LIBERTAD,VIRU,VIRU,1,2,,,1,,,,,,1,2,3,10,,,,,,,,,
LA LIBERTAD,PATAZ,PARCOY,,,,,1,,1,,,,,,,2,,,,,,,,,
LA LIBERTAD,PATAZ,TAYABAMBA,,,,,,,1,,1,,,,,2,,,,,,,,,
LA LIBERTAD,SANCHEZ CARRION,CHUGAY,,,,,,,,,,1,,,,1,,,,,,,,,
LA LIBERTAD,SANCHEZ CARRION,HUAMACHUCO,,,,1,,2,,,,1,,1,,5,,,,,,,,,
LA LIBERTAD,SANCHEZ CARRION,SARIN,,,,,,,,,,1,,,,1,,,,,,,,,
LA LIBERTAD,OTUZCO,SINSICAP,,,,,,1,,,,,,,,1,,,,,,,,,
LA LIBERTAD,OTUZCO,USQUIL,,,1,,,,1,1,,,,,,3,,,,,,,,,
LA LIBERTAD,SANTIAGO DE CHUCO,QUIRUVILCA,,,,,,,,,,,1,,,1,,,,,,,,,
LAMBAYEQUE,CHICLAYO,CAYALTI,,1,,,,,1,,,,,,,2,,,,,,,,,
LAMBAYEQUE,CHICLAYO,CHICLAYO,1,2,1,,1,2,1,2,2,1,,,1,14,,,,,,,,,
LAMBAYEQUE,CHICLAYO,ETEN PUERTO,,,,1,,,,,,,,,,1,,,,,,,,,
LAMBAYEQUE,CHICLAYO,JOSE LEONARDO ORTIZ,,3,1,1,1,1,3,1,,6,,,,17,,,,,,,,,
LAMBAYEQUE,CHICLAYO,LA VICTORIA,,,,,,,1,,1,,,,,2,,,,,,,,,
LAMBAYEQUE,CHICLAYO,PATAPO,,,,,,,,,,,,,1,1,,,,,,,,,
LAMBAYEQUE,CHICLAYO,PICSI,,1,,,,,,,,,,,,1,,,,,,,,,
LAMBAYEQUE,CHICLAYO,PIMENTEL,,,,,1,,,,1,,,,,2,,,,,,,,,
LAMBAYEQUE,CHICLAYO,POMALCA,,,,,1,,1,,,,,,,2,,,,,,,,,
LAMBAYEQUE,CHICLAYO,PUCALA,,2,,,,,,,,,,,,2,,,,,,,,,
LAMBAYEQUE,CHICLAYO,SAÑA,,,,,,,1,,,,,,,1,,,,,,,,,
LAMBAYEQUE,CHICLAYO,SANTA ROSA,,,,,,,,,1,,,,,1,,,,,,,,,
LAMBAYEQUE,LAMBAYEQUE,ILLIMO,,,,,,1,,,1,,,,,2,,,,,,,,,
LAMBAYEQUE,LAMBAYEQUE,JAYANCA,,,,,,,,,,1,,1,1,3,,,,,,,,,
LAMBAYEQUE,LAMBAYEQUE,LAMBAYEQUE,2,1,,1,,1,3,,,1,,,1,10,,,,,,,,,
LAMBAYEQUE,LAMBAYEQUE,MOCHUMI,,,,,,,1,,,,,1,,2,,,,,,,,,
LAMBAYEQUE,LAMBAYEQUE,MORROPE,1,1,,,,,1,,,,,,,3,,,,,,,,,
LAMBAYEQUE,LAMBAYEQUE,MOTUPE,,,,,,,,1,1,,,,,2,,,,,,,,,
LAMBAYEQUE,LAMBAYEQUE,OLMOS,1,1,,,1,,,,,,,,,3,,,,,,,,,
LAMBAYEQUE,LAMBAYEQUE,PACORA,,1,,,,,,,,,,1,,2,,,,,,,,,
LAMBAYEQUE,FERREÑAFE,CAÑARIS,,1,,,,,,,,,,,,1,,,,,,,,,
LAMBAYEQUE,FERREÑAFE,PUEBLO NUEVO,,1,,,,,,,,,,,,1,,,,,,,,,
LAMBAYEQUE,FERREÑAFE,FERREÑAFE,,,,,,,,,,,,1,,1,,,,,,,,,
LIMA,LIMA,ANCON,1,2,1,1,,1,,,,1,1,,,8,,,,,,,,,
LIMA,LIMA,ATE,16,16,16,17,11,8,3,4,8,15,17,10,18,159,,,,,,,,,
LIMA,LIMA,BARRANCO,,1,,,1,,1,,2,,,,,5,,,,,,,,,
LIMA,LIMA,BREðA,,,1,,1,,1,,,,,,2,5,,,,,,,,,
LIMA,LIMA,BREÑA,,,,,,,,,2,1,1,1,,5,,,,,,,,,
LIMA,LIMA,CARABAYLLO,4,8,9,10,2,3,1,2,,1,3,1,4,48,,,,,,,,,
LIMA,LIMA,CHACLACAYO,,2,,,1,,,,,,,2,,5,,,,,,,,,
LIMA,LIMA,CHORRILLOS,6,4,3,2,1,3,,1,3,1,3,9,3,39,,,,,,,,,
LIMA,LIMA,CIENEGUILLA,1,,,1,,,,,,1,,1,1,5,,,,,,,,,
LIMA,LIMA,COMAS,11,25,12,12,3,3,,2,2,4,1,3,16,94,,,,,,,,,
LIMA,LIMA,EL AGUSTINO,13,9,10,6,4,7,2,3,6,11,15,32,20,138,,,,,,,,,
LIMA,LIMA,INDEPENDENCIA,3,2,4,1,1,1,,1,5,5,2,3,3,31,,,,,,,,,
LIMA,LIMA,JESUS MARIA,,1,,,1,,,1,,2,,4,1,10,,,,,,,,,
LIMA,LIMA,LA MOLINA,,1,2,,2,,,,,,3,1,1,10,,,,,,,,,
LIMA,LIMA,LA VICTORIA,3,16,6,6,9,10,8,8,8,3,11,8,7,103,,,,,,,,,
LIMA,LIMA,LIMA,9,15,9,11,12,6,4,10,5,3,19,9,16,128,,,,,,,,,
LIMA,LIMA,LOS OLIVOS,1,2,,1,,3,,2,1,6,4,1,2,23,,,,,,,,,
LIMA,LIMA,LURIGANCHO,5,6,4,8,3,2,,,4,,2,1,4,39,,,,,,,,,
LIMA,LIMA,LURIN,,1,1,1,,,,2,1,2,3,4,2,17,,,,,,,,,
LIMA,LIMA,MAGDALENA DEL MAR,,1,1,,,,,,,1,1,,,4,,,,,,,,,
LIMA,LIMA,MIRAFLORES,,,,,,,,,,1,,,,1,,,,,,,,,
LIMA,LIMA,PACHACAMAC,,,2,1,3,,,1,4,1,6,5,5,28,,,,,,,,,
LIMA,LIMA,PUCUSANA,,,,,,,,1,,,1,,,2,,,,,,,,,
LIMA,LIMA,PUEBLO LIBRE,,1,,,1,,1,1,,1,,1,2,8,,,,,,,,,
LIMA,LIMA,PUENTE PIEDRA,8,13,7,5,10,3,4,4,3,5,11,8,6,87,,,,,,,,,
LIMA,LIMA,RIMAC,3,2,6,1,4,,,3,5,7,3,7,3,44,,,,,,,,,
LIMA,LIMA,SAN BARTOLO,,,,,,,,,1,,1,,,2,,,,,,,,,
LIMA,LIMA,SAN BORJA,1,,,2,1,,1,1,,,,,,6,,,,,,,,,
LIMA,LIMA,SAN ISIDRO,,,,,,,,,1,,,,,1,,,,,,,,,
LIMA,LIMA,SAN JUAN DE LURIGANCHO,21,32,31,44,21,10,2,20,31,35,40,34,35,356,,,,,,,,,
LIMA,LIMA,SAN JUAN DE MIRAFLORES,3,6,4,,4,3,,4,5,4,1,11,12,57,,,,,,,,,
LIMA,LIMA,SAN LUIS,,1,1,1,1,1,1,,,2,1,2,1,12,,,,,,,,,
LIMA,LIMA,SAN MARTIN DE PORRES,5,4,4,6,6,7,2,8,11,19,3,12,7,94,,,,,,,,,
LIMA,LIMA,SAN MIGUEL,,,4,1,1,,,1,3,1,2,,,13,,,,,,,,,
LIMA,LIMA,SANTA ANITA,9,16,6,6,4,4,,6,4,2,7,14,12,90,,,,,,,,,
LIMA,LIMA,SANTIAGO DE SURCO,2,3,3,2,2,,1,1,1,5,3,,4,27,,,,,,,,,
LIMA,LIMA,SURQUILLO,,1,2,1,1,1,2,,3,1,,1,1,14,,,,,,,,,
LIMA,LIMA,VILLA EL SALVADOR,3,6,4,3,1,3,,9,10,11,7,4,8,69,,,,,,,,,
LIMA,LIMA,VILLA MARIA DEL TRIUNFO,3,,3,3,,3,1,3,4,2,5,6,6,39,,,,,,,,,
LIMA,BARRANCA,BARRANCA,,,6,5,1,,,1,,,,,3,16,,,,,,,,,
LIMA,BARRANCA,PARAMONGA,,,1,1,2,1,1,,,,,,,6,,,,,,,,,
LIMA,BARRANCA,PATIVILCA,,,1,,,,,,,,,,,1,,,,,,,,,
LIMA,BARRANCA,SUPE,,,,1,,,,,,,,,2,3,,,,,,,,,
LIMA,BARRANCA,SUPE PUERTO,,,,2,,,,,,,,,,2,,,,,,,,,
LIMA,HUAROCHIRI,HUAROCHIRI,,3,,,,,,,,1,,2,,6,,,,,,,,,
LIMA,HUAROCHIRI,RICARDO PALMA,,1,,,,,,,,,,,,1,,,,,,,,,
LIMA,HUAROCHIRI,SAN ANTONIO,,,,,,,,,1,1,,1,2,5,,,,,,,,,
LIMA,HUAROCHIRI,SAN BARTOLOME,,1,,,,,,,,,,,1,2,,,,,,,,,
LIMA,HUAURA,HUACHO,1,,,,,1,,,,1,,,1,4,,,,,,,,,
LIMA,HUAURA,HUALMAY,,,,,,,,,3,,,,,3,,,,,,,,,
LIMA,HUAURA,HUAURA,1,,,,,,1,,1,,,,,3,,,,,,,,,
LIMA,HUAURA,SANTA MARIA,,,,,,,,,1,,,,,1,,,,,,,,,
LIMA,HUAURA,VEGUETA,,,,,,,,,1,,,,,1,,,,,,,,,
LIMA,HUARAL,ATAVILLOS BAJO,,,,,,,,,,1,,,,1,,,,,,,,,
LIMA,HUARAL,CHANCAY,,,,1,,,1,,,2,,3,,7,,,,,,,,,
LIMA,HUARAL,HUARAL,2,,1,,,,,,,,,,,3,,,,,,,,,
LIMA,CAÑETE,MALA,,1,3,,,,2,,,,,,,6,,,,,,,,,
LIMA,CAÑETE,QUILMANA,,,,2,,,,,,,,,1,3,,,,,,,,,
LIMA,CAÑETE,SAN VICENTE DE CAÑETE,,,1,,,2,,,4,2,,,2,11,,,,,,,,,
LIMA,CANTA,CANTA,,2,,1,,,,,,,,,,3,,,,,,,,,
LIMA,CANTA,HUAMANTANGA,,,,1,,,,,,,,,,1,,,,,,,,,
LIMA,CAJATAMBO,GORGOR,,,,,,,,1,,,,,,1,,,,,,,,,
LIMA,CAÑETE,ASIA,,,,,,,,,,1,,,,1,,,,,,,,,
LIMA,CAÑETE,CHILCA,,,,,,,,,,,1,2,,3,,,,,,,,,
LIMA,CAÑETE,IMPERIAL,1,1,,,,,1,,,,1,,,4,,,,,,,,,
LIMA,CAÑETE,LUNAHUANA,,,,,,,,,1,,,,,1,,,,,,,,,
LIMA,CAÑETE,NUEVO IMPERIAL,1,,,,,,,,1,,,,1,3,,,,,,,,,
LIMA,CAÑETE,PACARAN,,,,,,,,,1,,,,,1,,,,,,,,,
LORETO,MAYNAS,ALTO NANAY,,,1,,1,,,,1,,,,,3,,,,,,,,,
LORETO,MAYNAS,BELEN,,,3,,3,1,,1,,,,,,8,,,,,,,,,
LORETO,MAYNAS,FERNANDO LORES,,,,,,,,,,1,,,,1,,,,,,,,,
LORETO,MAYNAS,IQUITOS,2,,6,1,,3,,1,3,1,,,1,18,,,,,,,,,
LORETO,MAYNAS,MAZAN,,,,,,,,1,,,,,,1,,,,,,,,,
LORETO,MAYNAS,PUNCHANA,2,,,1,,,1,8,3,2,,2,,19,,,,,,,,,
LORETO,MAYNAS,SAN JUAN BAUTISTA,,1,8,3,,1,,,2,2,1,,,18,,,,,,,,,
LORETO,ALTO AMAZONAS,BALSAPUERTO,,,,,,,1,,,,,,,1,,,,,,,,,
LORETO,ALTO AMAZONAS,LAGUNAS,1,,,,,,,1,,,,,1,3,,,,,,,,,
LORETO,ALTO AMAZONAS,SANTA CRUZ,,,,,,,,,,,,1,,1,,,,,,,,,
LORETO,ALTO AMAZONAS,TENIENTE CESAR LOPEZ ROJAS,,,,,1,,,,,,,,,1,,,,,,,,,
LORETO,ALTO AMAZONAS,YURIMAGUAS,6,8,7,3,2,2,2,1,2,,,,15,48,,,,,,,,,
LORETO,DATEM DEL MARAÑON,BARRANCA,,,,1,,,,2,,,,,2,5,,,,,,,,,
LORETO,DATEM DEL MARAÑON,MANSERICHE,,,,,,,,,,,,,1,1,,,,,,,,,
LORETO,UCAYALI,CONTAMANA,,,,,3,,,,,,,,,3,,,,,,,,,
LORETO,UCAYALI,VARGAS GUERRA,,3,,,,,,,,,,,,3,,,,,,,,,
LORETO,LORETO,NAUTA,,,,,,,,,1,1,,,,2,,,,,,,,,
LORETO,LORETO,TIGRE,,,,,,,,,1,1,,,,2,,,,,,,,,
LORETO,PUTUMAYO,PUTUMAYO,,,,,,,,,,1,,,,1,,,,,,,,,
LORETO,REQUENA,ALTO TAPICHE,,,,,,,,,1,,,,,1,,,,,,,,,
LORETO,REQUENA,REQUENA,,,,,,,,,1,1,,,,2,,,,,,,,,
LORETO,MARISCAL RAMON CASTILLA,RAMON CASTILLA,,,,,,,,,1,,,,,1,,,,,,,,,
LORETO,MARISCAL RAMON CASTILLA,YAVARI,,,1,,,,,,,1,,,,2,,,,,,,,,
MADRE DE DIOS,TAMBOPATA,INAMBARI,,,,,1,1,,1,2,5,,,,10,,,,,,,,,
MADRE DE DIOS,TAMBOPATA,LAS PIEDRAS,,1,,,,,,,2,3,,,1,7,,,,,,,,,
MADRE DE DIOS,TAMBOPATA,TAMBOPATA,,,,,2,,1,11,26,34,2,,,76,,,,,,,,,
MADRE DE DIOS,MANU,HUEPETUHE,,,,,,,,,1,2,,,,3,,,,,,,,,
MADRE DE DIOS,MANU,MADRE DE DIOS,,,,,,,,,,2,,,,2,,,,,,,,,
MADRE DE DIOS,TAHUAMANU,IBERIA,,,,,,,,,,,1,,,1,,,,,,,,,
MOQUEGUA,MARISCAL NIETO,MOQUEGUA,1,,2,1,1,,,,,,,,2,7,,,,,,,,,
MOQUEGUA,ILO,ILO,2,1,2,3,4,1,,1,,,,,1,15,,,,,,,,,
PASCO,OXAPAMPA,CHONTABAMBA,,,1,1,,,,,,,,,,2,,,,,,,,,
PASCO,OXAPAMPA,CONSTITUCION,,,,,,,,1,1,,,,,2,,,,,,,,,
PASCO,OXAPAMPA,HUANCABAMBA,,,,1,,,,,,,,,,1,,,,,,,,,
PASCO,OXAPAMPA,OXAPAMPA,,2,,,1,,1,1,,,,,,5,,,,,,,,,
PASCO,OXAPAMPA,PALCAZU,,1,,,,1,1,3,,1,1,,,8,,,,,,,,,
PASCO,OXAPAMPA,POZUZO,,,1,,1,1,1,,1,1,1,,,7,,,,,,,,,
PASCO,OXAPAMPA,PUERTO BERMUDEZ,1,2,2,,1,1,2,7,3,,1,2,2,24,,,,,,,,,
PASCO,OXAPAMPA,VILLA RICA,2,2,,,,,,,,,2,,2,8,,,,,,,,,
PASCO,PASCO,CHAUPIMARCA,,,,1,,,,,,,,2,1,4,,,,,,,,,
PASCO,PASCO,HUARIACA,,2,,,,,,,2,,1,,,5,,,,,,,,,
PASCO,PASCO,HUAYLLAY,,,,,,,,,,1,,,1,2,,,,,,,,,
PASCO,PASCO,PALLANCHACRA,,,,,,,,,,,,1,,1,,,,,,,,,
PASCO,PASCO,PAUCARTAMBO,,,1,,,,,,,,,,,1,,,,,,,,,
PASCO,PASCO,SIMON BOLIVAR,,,,,,,,,,,,,1,1,,,,,,,,,
PASCO,PASCO,YANACANCHA,,,,,,,,,,1,,,1,2,,,,,,,,,
PASCO,DANIEL ALCIDES CARRION,CHACAYAN,,,,,,,,,,,,,2,2,,,,,,,,,
PASCO,DANIEL ALCIDES CARRION,YANAHUANCA,,,,,,1,,1,,,,,,2,,,,,,,,,
PIURA,PIURA,CASTILLA,,,,,,2,1,,1,,,,,4,,,,,,,,,
PIURA,PIURA,CATACAOS,,,1,,1,,,,,,,,,2,,,,,,,,,
PIURA,PIURA,LAS LOMAS,,,,,,,,,,1,,,,1,,,,,,,,,
PIURA,PIURA,PIURA,,,,4,1,,,,1,1,,,,7,,,,,,,,,
PIURA,PIURA,TAMBO GRANDE,,,,,,,,,,1,,,,1,,,,,,,,,
PIURA,PIURA,VEINTISEIS DE OCTUBRE,,,,,,,,,1,,,,,1,,,,,,,,,
PIURA,SULLANA,BELLAVISTA,,,,,,,,1,2,,,,1,4,,,,,,,,,
PIURA,SULLANA,MARCAVELICA,,,,,,,,1,,,,,,1,,,,,,,,,
PIURA,SULLANA,SULLANA,,,,,,,1,3,3,2,,,,9,,,,,,,,,
PIURA,TALARA,MANCORA,,,,,,,,,,1,,,,1,,,,,,,,,
PIURA,TALARA,PARIÑAS,,,,,,,1,,,2,,,,3,,,,,,,,,
PIURA,MORROPON,CHULUCANAS,,1,,,,1,,,1,1,,,,4,,,,,,,,,
PIURA,MORROPON,MORROPON,,,,,,,,1,,,,,,1,,,,,,,,,
PIURA,SECHURA,BERNAL,,,,,,1,,,,,,,,1,,,,,,,,,
PIURA,SECHURA,RINCONADA LLICUAR,,,1,,,,,,,,,,,1,,,,,,,,,
PIURA,SECHURA,SECHURA,1,,,1,3,1,,,,,,,,6,,,,,,,,,
PIURA,PAITA,COLAN,,1,,,,,,,,,,,,1,,,,,,,,,
PIURA,PAITA,PAITA,,,,,,,2,,2,1,,,,5,,,,,,,,,
PIURA,HUANCABAMBA,CANCHAQUE,,,,,,,,1,,,,,,1,,,,,,,,,
PIURA,AYABACA,AYABACA,,,,,,,,,,,,,1,1,,,,,,,,,
PIURA,AYABACA,MONTERO,,,,,,,,,,,,,1,1,,,,,,,,,
PIURA,AYABACA,SAPILLICA,,,,,,,,,,1,,,,1,,,,,,,,,
PUNO,PUNO,PUNO,,,,,1,,,,,,,,,1,,,,,,,,,
PUNO,CHUCUITO,JULI,,,,,,,,,,1,,,,1,,,,,,,,,
PUNO,SAN ROMAN,JULIACA,3,1,,,1,,1,,,1,,,,7,,,,,,,,,
PUNO,AZANGARO,AZANGARO,,,,,,,,,,2,,,,2,,,,,,,,,
PUNO,AZANGARO,SAN JOSE,,,,,,,,,,1,,,,1,,,,,,,,,
PUNO,SANDIA,SANDIA,1,,1,,,,,,2,1,,,,5,,,,,,,,,
PUNO,CARABAYA,ITUATA,,,,,,,,,,1,,,,1,,,,,,,,,
PUNO,CARABAYA,MACUSANI,,,,1,,,,,,,,,,1,,,,,,,,,
PUNO,CARABAYA,OLLACHEA,,,,1,,,,,,,,,,1,,,,,,,,,
PUNO,LAMPA,LAMPA,,,,,,1,,,,,,,,1,,,,,,,,,
SAN MARTIN,TOCACHE,TOCACHE,,,1,,,,,,,1,,,,2,,,,,,,,,
SAN MARTIN,PICOTA,PICOTA,,,,,,,1,,,,,,3,4,,,,,,,,,
SAN MARTIN,PICOTA,PUCACACA,,,,,,,1,,,,,,,1,,,,,,,,,
SAN MARTIN,LAMAS,ALONSO DE ALVARADO,,,,,,,,,,1,,,,1,,,,,,,,,
SAN MARTIN,LAMAS,CAYNARACHI,,,1,,,,2,,,,,,,3,,,,,,,,,
SAN MARTIN,LAMAS,LAMAS,,,,,,,,,1,,,,,1,,,,,,,,,
SAN MARTIN,MOYOBAMBA,CALZADA,,,,,,,,,,1,,,,1,,,,,,,,,
SAN MARTIN,MOYOBAMBA,MOYOBAMBA,2,,,,,,,1,2,1,,3,1,10,,,,,,,,,
SAN MARTIN,MOYOBAMBA,SORITOR,,1,3,1,1,,,1,1,3,,,,11,,,,,,,,,
SAN MARTIN,MOYOBAMBA,YANTALO,,,,,,,,1,1,,,,,2,,,,,,,,,
SAN MARTIN,MARISCAL CACERES,JUANJUI,3,1,,,,,,,,,1,,,5,,,,,,,,,
SAN MARTIN,MARISCAL CACERES,PAJARILLO,1,1,,,,,,,,,,,,2,,,,,,,,,
SAN MARTIN,SAN MARTIN,CHAZUTA,,2,,,,1,,,1,,,,,4,,,,,,,,,
SAN MARTIN,SAN MARTIN,CHIPURANA,,,1,,,,,,,,,,,1,,,,,,,,,
SAN MARTIN,SAN MARTIN,HUIMBAYOC,,,,1,,,,,,,,,,1,,,,,,,,,
SAN MARTIN,SAN MARTIN,JUAN GUERRA,,,,,,,,,1,,,,,1,,,,,,,,,
SAN MARTIN,SAN MARTIN,LA BANDA DE SHILCAYO,,,,,,,1,,3,,,,,4,,,,,,,,,
SAN MARTIN,SAN MARTIN,PAPAPLAYA,,,,1,,,,,,,,,,1,,,,,,,,,
SAN MARTIN,SAN MARTIN,SAUCE,,,,,,,1,,,,,,,1,,,,,,,,,
SAN MARTIN,SAN MARTIN,TARAPOTO,1,1,,,,,,,2,,,,,4,,,,,,,,,
SAN MARTIN,BELLAVISTA,BELLAVISTA,,,,,,,,,,1,,,,1,,,,,,,,,
SAN MARTIN,HUALLAGA,PISCOYACU,,,,,1,1,,,,,,,,2,,,,,,,,,
SAN MARTIN,HUALLAGA,SACANCHE,,,,,,1,,,,,,,,1,,,,,,,,,
SAN MARTIN,HUALLAGA,SAPOSOA,,,,,2,1,,,,2,,,1,6,,,,,,,,,
SAN MARTIN,EL DORADO,AGUA BLANCA,,,,,1,,,,,,1,,,2,,,,,,,,,
SAN MARTIN,EL DORADO,SAN JOSE DE SISA,1,,,,,1,4,3,1,,,,3,13,,,,,,,,,
SAN MARTIN,EL DORADO,SAN MARTIN,,,,,,,,,1,,,,,1,,,,,,,,,
SAN MARTIN,EL DORADO,SANTA ROSA,,,,,1,,,1,,,,,,2,,,,,,,,,
SAN MARTIN,EL DORADO,SHATOJA,,,,,,,,1,,,,,,1,,,,,,,,,
SAN MARTIN,RIOJA,AWAJUN,2,,,1,,,,,,1,,1,1,6,,,,,,,,,
SAN MARTIN,RIOJA,ELIAS SOPLIN VARGAS,,,,,,,,,,1,,,,1,,,,,,,,,
SAN MARTIN,RIOJA,NUEVA CAJAMARCA,,,,,,1,,,2,,,1,1,5,,,,,,,,,
SAN MARTIN,RIOJA,PARDO MIGUEL,,,,,,1,,,,,,,,1,,,,,,,,,
SAN MARTIN,RIOJA,RIOJA,,,,,,,,,,1,,1,1,3,,,,,,,,,
SAN MARTIN,RIOJA,YURACYACU,1,,,,,,,,,,,,,1,,,,,,,,,
TACNA,TACNA,ALTO DE LA ALIANZA,,,,1,,,,,,,,,,1,,,,,,,,,
TACNA,TACNA,CIUDAD NUEVA,,,1,1,,,,,,,,,,2,,,,,,,,,
TACNA,TACNA,CORONEL GREGORIO ALBARRACIN LANCHIPA,,,1,,1,,,,,,,,,2,,,,,,,,,
TACNA,TACNA,TACNA,,1,,3,,,,,1,,,,,5,,,,,,,,,
TUMBES,TUMBES,CORRALES,,,,,,,1,,,1,1,2,1,6,,,,,,,,,
TUMBES,TUMBES,LA CRUZ,,,,,1,,,1,,,,,,2,,,,,,,,,
TUMBES,TUMBES,SAN JACINTO,,,,,,,,,,,,1,,1,,,,,,,,,
TUMBES,TUMBES,TUMBES,1,,2,1,1,2,,4,2,3,5,4,6,31,,,,,,,,,
TUMBES,ZARUMILLA,AGUAS VERDES,,1,,,2,1,2,1,,,,,1,8,,,,,,,,,
TUMBES,ZARUMILLA,ZARUMILLA,,,,2,,,1,,,,1,,1,5,,,,,,,,,
TUMBES,CONTRALMIRANTE VILLAR,CANOAS DE PUNTA SAL,,,,,,,,,,,,1,,1,,,,,,,,,
TUMBES,CONTRALMIRANTE VILLAR,ZORRITOS,,,,,,,,1,,,,,,1,,,,,,,,,
UCAYALI,CORONEL PORTILLO,CALLERIA,6,18,8,1,2,,1,,4,6,,,1,47,,,,,,,,,
UCAYALI,CORONEL PORTILLO,CAMPOVERDE,,2,,,,,,,,,,,,2,,,,,,,,,
UCAYALI,CORONEL PORTILLO,IPARIA,,,,,,,,1,,1,,,,2,,,,,,,,,
UCAYALI,CORONEL PORTILLO,MANANTAY,,7,5,,1,1,1,,3,3,1,,1,23,,,,,,,,,
UCAYALI,CORONEL PORTILLO,MASISEA,,1,,,,,,,,,,,,1,,,,,,,,,
UCAYALI,CORONEL PORTILLO,YARINACOCHA,5,13,2,6,,,,,,,,,,26,,,,,,,,,
UCAYALI,PADRE ABAD,CURIMANA,,,,,2,,,,,,,,,2,,,,,,,,,
UCAYALI,PADRE ABAD,PADRE ABAD,,,,1,1,,1,2,,,1,,,6,,,,,,,,,
UCAYALI,ATALAYA,RAIMONDI,,,,,,,,,,,,,9,9,,,,,,,,,
UCAYALI,ATALAYA,RAYMONDI,1,2,3,3,5,2,11,10,5,8,3,11,,64,,,,,,,,,
UCAYALI,ATALAYA,SEPAHUA,,,,,,2,1,2,7,,,,,12,,,,,,,,,
UCAYALI,ATALAYA,TAHUANIA,,,,,,3,,1,,3,,1,,8,,,,,,,,,
UCAYALI,ATALAYA,YURUA,,,1,,,,,,,,,,,1,,,,,,,,,
,,,,,,,,,,,,,,,,,,,,,,,,,
,,,,,,,,,,,,,,,,,,,,,,,,,
,,,,,,,,,,,,,,,,,,,,,,,,,
,,,,,,,,,,,,,,,,,,,,,,,,,
,,,,,,,,,,,,,,,,,,,,,,,,,
,,,,,,,,,,,,,,,,,,,,,,,,,
,,,,,,,,,,,,,,,,,,,,,,,,,
,,,,,,,,,,,,,,,,,,,,,,,,,
,,,,,,,,,,,,,,,,,,,,,,,,,
,,,,,,,,,,,,,,,,,,,,,,,,,
,,,,,,,,,,,,,,,,,,,,,,,,,
,,,,,,,,,,,,,,,,,,,,,,,,,
,,,,,,,,,,,,,,,,,,,,,,,,,
,,,,,,,,,,,,,,,,,,,,,,,,,
,,,,,,,,,,,,,,,,,,,,,,,,,
,,,,,,,,,,,,,,,,,,,,,,,,,
,,,,,,,,,,,,,,,,,,,,,,,,,
,,,,,,,,,,,,,,,,,,,,,,,,,
,,,,,,,,,,,,,,,,,,,,,,,,,
,,,,,,,,,,,,,,,,,,,,,,,,,
,,,,,,,,,,,,,,,,,,,,,,,,,
,,,,,,,,,,,,,,,,,,,,,,,,,
,,,,,,,,,,,,,,,,,,,,,,,,,
,,,,,,,,,,,,,,,,,,,,,,,,,
,,,,,,,,,,,,,,,,,,,,,,,,,
,,,,,,,,,,,,,,,,,,,,,,,,,
,,,,,,,,,,,,,,,,,,,,,,,,,
,,,,,,,,,,,,,,,,,,,,,,,,,
,,,,,,,,,,,,,,,,,,,,,,,,,
,,,,,,,,,,,,,,,,,,,,,,,,,
,,,,,,,,,,,,,,,,,,,,,,,,,
,,,,,,,,,,,,,,,,,,,,,,,,,
,,,,,,,,,,,,,,,,,,,,,,,,,
,,,,,,,,,,,,,,,,,,,,,,,,,
,,,,,,,,,,,,,,,,,,,,,,,,,
,,,,,,,,,,,,,,,,,,,,,,,,,
,,,,,,,,,,,,,,,,,,,,,,,,,
,,,,,,,,,,,,,,,,,,,,,,,,,
,,,,,,,,,,,,,,,,,,,,,,,,,
,,,,,,,,,,,,,,,,,,,,,,,,,
,,,,,,,,,,,,,,,,,,,,,,,,,
,,,,,,,,,,,,,,,,,,,,,,,,,
,,,,,,,,,,,,,,,,,,,,,,,,,
,,,,,,,,,,,,,,,,,,,,,,,,,
,,,,,,,,,,,,,,,,,,,,,,,,,
,,,,,,,,,,,,,,,,,,,,,,,,,
,,,,,,,,,,,,,,,,,,,,,,,,,
,,,,,,,,,,,,,,,,,,,,,,,,,
,,,,,,,,,,,,,,,,,,,,,,,,,
,,,,,,,,,,,,,,,,,,,,,,,,,
,,,,,,,,,,,,,,,,,,,,,,,,,
,,,,,,,,,,,,,,,,,,,,,,,,,
,,,,,,,,,,,,,,,,,,,,,,,,,
,,,,,,,,,,,,,,,,,,,,,,,,,
,,,,,,,,,,,,,,,,,,,,,,,,,
,,,,,,,,,,,,,,,,,,,,,,,,,
,,,,,,,,,,,,,,,,,,,,,,,,,
,,,,,,,,,,,,,,,,,,,,,,,,,
,,,,,,,,,,,,,,,,,,,,,,,,,
,,,,,,,,,,,,,,,,,,,,,,,,,
,,,,,,,,,,,,,,,,,,,,,,,,,
,,,,,,,,,,,,,,,,,,,,,,,,,
,,,,,,,,,,,,,,,,,,,,,,,,,
,,,,,,,,,,,,,,,,,,,,,,,,,
,,,,,,,,,,,,,,,,,,,,,,,,,
,,,,,,,,,,,,,,,,,,,,,,,,,
,,,,,,,,,,,,,,,,,,,,,,,,,
,,,,,,,,,,,,,,,,,,,,,,,,,
,,,,,,,,,,,,,,,,,,,,,,,,,
,,,,,,,,,,,,,,,,,,,,,,,,,
,,,,,,,,,,,,,,,,,,,,,,,,,
,,,,,,,,,,,,,,,,,,,,,,,,,
,,,,,,,,,,,,,,,,,,,,,,,,,
,,,,,,,,,,,,,,,,,,,,,,,,,
,,,,,,,,,,,,,,,,,,,,,,,,,
,,,,,,,,,,,,,,,,,,,,,,,,,
,,,,,,,,,,,,,,,,,,,,,,,,,
,,,,,,,,,,,,,,,,,,,,,,,,,
,,,,,,,,,,,,,,,,,,,,,,,,,
,,,,,,,,,,,,,,,,,,,,,,,,,
,,,,,,,,,,,,,,,,,,,,,,,,,
,,,,,,,,,,,,,,,,,,,,,,,,,
,,,,,,,,,,,,,,,,,,,,,,,,,
,,,,,,,,,,,,,,,,,,,,,,,,,
,,,,,,,,,,,,,,,,,,,,,,,,,
,,,,,,,,,,,,,,,,,,,,,,,,,
,,,,,,,,,,,,,,,,,,,,,,,,,
,,,,,,,,,,,,,,,,,,,,,,,,,
,,,,,,,,,,,,,,,,,,,,,,,,,
,,,,,,,,,,,,,,,,,,,,,,,,,
,,,,,,,,,,,,,,,,,,,,,,,,,
,,,,,,,,,,,,,,,,,,,,,,,,,
,,,,,,,,,,,,,,,,,,,,,,,,,
,,,,,,,,,,,,,,,,,,,,,,,,,
,,,,,,,,,,,,,,,,,,,,,,,,,
,,,,,,,,,,,,,,,,,,,,,,,,,
,,,,,,,,,,,,,,,,,,,,,,,,,
,,,,,,,,,,,,,,,,,,,,,,,,,
,,,,,,,,,,,,,,,,,,,,,,,,,
,,,,,,,,,,,,,,,,,,,,,,,,,
,,,,,,,,,,,,,,,,,,,,,,,,,
,,,,,,,,,,,,,,,,,,,,,,,,,
,,,,,,,,,,,,,,,,,,,,,,,,,
,,,,,,,,,,,,,,,,,,,,,,,,,
,,,,,,,,,,,,,,,,,,,,,,,,,
,,,,,,,,,,,,,,,,,,,,,,,,,
,,,,,,,,,,,,,,,,,,,,,,,,,
,,,,,,,,,,,,,,,,,,,,,,,,,
,,,,,,,,,,,,,,,,,,,,,,,,,
,,,,,,,,,,,,,,,,,,,,,,,,,
,,,,,,,,,,,,,,,,,,,,,,,,,
,,,,,,,,,,,,,,,,,,,,,,,,,
,,,,,,,,,,,,,,,,,,,,,,,,,
,,,,,,,,,,,,,,,,,,,,,,,,,
,,,,,,,,,,,,,,,,,,,,,,,,,
,,,,,,,,,,,,,,,,,,,,,,,,,
,,,,,,,,,,,,,,,,,,,,,,,,,
,,,,,,,,,,,,,,,,,,,,,,,,,
,,,,,,,,,,,,,,,,,,,,,,,,,
,,,,,,,,,,,,,,,,,,,,,,,,,
,,,,,,,,,,,,,,,,,,,,,,,,,
,,,,,,,,,,,,,,,,,,,,,,,,,
,,,,,,,,,,,,,,,,,,,,,,,,,
,,,,,,,,,,,,,,,,,,,,,,,,,
,,,,,,,,,,,,,,,,,,,,,,,,,
,,,,,,,,,,,,,,,,,,,,,,,,,
,,,,,,,,,,,,,,,,,,,,,,,,,
,,,,,,,,,,,,,,,,,,,,,,,,,
,,,,,,,,,,,,,,,,,,,,,,,,,
,,,,,,,,,,,,,,,,,,,,,,,,,
,,,,,,,,,,,,,,,,,,,,,,,,,
,,,,,,,,,,,,,,,,,,,,,,,,,
,,,,,,,,,,,,,,,,,,,,,,,,,
,,,,,,,,,,,,,,,,,,,,,,,,,
,,,,,,,,,,,,,,,,,,,,,,,,,
,,,,,,,,,,,,,,,,,,,,,,,,,
,,,,,,,,,,,,,,,,,,,,,,,,,
,,,,,,,,,,,,,,,,,,,,,,,,,
,,,,,,,,,,,,,,,,,,,,,,,,,
,,,,,,,,,,,,,,,,,,,,,,,,,
,,,,,,,,,,,,,,,,,,,,,,,,,
,,,,,,,,,,,,,,,,,,,,,,,,,
,,,,,,,,,,,,,,,,,,,,,,,,,
,,,,,,,,,,,,,,,,,,,,,,,,,
,,,,,,,,,,,,,,,,,,,,,,,,,
,,,,,,,,,,,,,,,,,,,,,,,,,
,,,,,,,,,,,,,,,,,,,,,,,,,
,,,,,,,,,,,,,,,,,,,,,,,,,
,,,,,,,,,,,,,,,,,,,,,,,,,
,,,,,,,,,,,,,,,,,,,,,,,,,
,,,,,,,,,,,,,,,,,,,,,,,,,
,,,,,,,,,,,,,,,,,,,,,,,,,
,,,,,,,,,,,,,,,,,,,,,,,,,
,,,,,,,,,,,,,,,,,,,,,,,,,
,,,,,,,,,,,,,,,,,,,,,,,,,
,,,,,,,,,,,,,,,,,,,,,,,,,
,,,,,,,,,,,,,,,,,,,,,,,,,
,,,,,,,,,,,,,,,,,,,,,,,,,
,,,,,,,,,,,,,,,,,,,,,,,,,
,,,,,,,,,,,,,,,,,,,,,,,,,
,,,,,,,,,,,,,,,,,,,,,,,,,
,,,,,,,,,,,,,,,,,,,,,,,,,
,,,,,,,,,,,,,,,,,,,,,,,,,
,,,,,,,,,,,,,,,,,,,,,,,,,
,,,,,,,,,,,,,,,,,,,,,,,,,
,,,,,,,,,,,,,,,,,,,,,,,,,
,,,,,,,,,,,,,,,,,,,,,,,,,
,,,,,,,,,,,,,,,,,,,,,,,,,
,,,,,,,,,,,,,,,,,,,,,,,,,
,,,,,,,,,,,,,,,,,,,,,,,,,
,,,,,,,,,,,,,,,,,,,,,,,,,
,,,,,,,,,,,,,,,,,,,,,,,,,
,,,,,,,,,,,,,,,,,,,,,,,,,
,,,,,,,,,,,,,,,,,,,,,,,,,
,,,,,,,,,,,,,,,,,,,,,,,,,
,,,,,,,,,,,,,,,,,,,,,,,,,
,,,,,,,,,,,,,,,,,,,,,,,,,
,,,,,,,,,,,,,,,,,,,,,,,,,
,,,,,,,,,,,,,,,,,,,,,,,,,
,,,,,,,,,,,,,,,,,,,,,,,,,
,,,,,,,,,,,,,,,,,,,,,,,,,
,,,,,,,,,,,,,,,,,,,,,,,,,
,,,,,,,,,,,,,,,,,,,,,,,,,
,,,,,,,,,,,,,,,,,,,,,,,,,
,,,,,,,,,,,,,,,,,,,,,,,,,
,,,,,,,,,,,,,,,,,,,,,,,,,
,,,,,,,,,,,,,,,,,,,,,,,,,
,,,,,,,,,,,,,,,,,,,,,,,,,
,,,,,,,,,,,,,,,,,,,,,,,,,
,,,,,,,,,,,,,,,,,,,,,,,,,
,,,,,,,,,,,,,,,,,,,,,,,,,
,,,,,,,,,,,,,,,,,,,,,,,,,
,,,,,,,,,,,,,,,,,,,,,,,,,
,,,,,,,,,,,,,,,,,,,,,,,,,
,,,,,,,,,,,,,,,,,,,,,,,,,
,,,,,,,,,,,,,,,,,,,,,,,,,
,,,,,,,,,,,,,,,,,,,,,,,,,
,,,,,,,,,,,,,,,,,,,,,,,,,
,,,,,,,,,,,,,,,,,,,,,,,,,
,,,,,,,,,,,,,,,,,,,,,,,,,
,,,,,,,,,,,,,,,,,,,,,,,,,
,,,,,,,,,,,,,,,,,,,,,,,,,
,,,,,,,,,,,,,,,,,,,,,,,,,
,,,,,,,,,,,,,,,,,,,,,,,,,
,,,,,,,,,,,,,,,,,,,,,,,,,
,,,,,,,,,,,,,,,,,,,,,,,,,
,,,,,,,,,,,,,,,,,,,,,,,,,
,,,,,,,,,,,,,,,,,,,,,,,,,
,,,,,,,,,,,,,,,,,,,,,,,,,
,,,,,,,,,,,,,,,,,,,,,,,,,
,,,,,,,,,,,,,,,,,,,,,,,,,
,,,,,,,,,,,,,,,,,,,,,,,,,
,,,,,,,,,,,,,,,,,,,,,,,,,
,,,,,,,,,,,,,,,,,,,,,,,,,
,,,,,,,,,,,,,,,,,,,,,,,,,
,,,,,,,,,,,,,,,,,,,,,,,,,
,,,,,,,,,,,,,,,,,,,,,,,,,
,,,,,,,,,,,,,,,,,,,,,,,,,
,,,,,,,,,,,,,,,,,,,,,,,,,
,,,,,,,,,,,,,,,,,,,,,,,,,
,,,,,,,,,,,,,,,,,,,,,,,,,
,,,,,,,,,,,,,,,,,,,,,,,,,
,,,,,,,,,,,,,,,,,,,,,,,,,
,,,,,,,,,,,,,,,,,,,,,,,,,
,,,,,,,,,,,,,,,,,,,,,,,,,
,,,,,,,,,,,,,,,,,,,,,,,,,
,,,,,,,,,,,,,,,,,,,,,,,,,
,,,,,,,,,,,,,,,,,,,,,,,,,
,,,,,,,,,,,,,,,,,,,,,,,,,
,,,,,,,,,,,,,,,,,,,,,,,,,
,,,,,,,,,,,,,,,,,,,,,,,,,
,,,,,,,,,,,,,,,,,,,,,,,,,
,,,,,,,,,,,,,,,,,,,,,,,,,
,,,,,,,,,,,,,,,,,,,,,,,,,
,,,,,,,,,,,,,,,,,,,,,,,,,
,,,,,,,,,,,,,,,,,,,,,,,,,
,,,,,,,,,,,,,,,,,,,,,,,,,
,,,,,,,,,,,,,,,,,,,,,,,,,
,,,,,,,,,,,,,,,,,,,,,,,,,
,,,,,,,,,,,,,,,,,,,,,,,,,
,,,,,,,,,,,,,,,,,,,,,,,,,
,,,,,,,,,,,,,,,,,,,,,,,,,
,,,,,,,,,,,,,,,,,,,,,,,,,
,,,,,,,,,,,,,,,,,,,,,,,,,
,,,,,,,,,,,,,,,,,,,,,,,,,
,,,,,,,,,,,,,,,,,,,,,,,,,
,,,,,,,,,,,,,,,,,,,,,,,,,
,,,,,,,,,,,,,,,,,,,,,,,,,
,,,,,,,,,,,,,,,,,,,,,,,,,
,,,,,,,,,,,,,,,,,,,,,,,,,
,,,,,,,,,,,,,,,,,,,,,,,,,
,,,,,,,,,,,,,,,,,,,,,,,,,
,,,,,,,,,,,,,,,,,,,,,,,,,
,,,,,,,,,,,,,,,,,,,,,,,,,
,,,,,,,,,,,,,,,,,,,,,,,,,
,,,,,,,,,,,,,,,,,,,,,,,,,
,,,,,,,,,,,,,,,,,,,,,,,,,
,,,,,,,,,,,,,,,,,,,,,,,,,
,,,,,,,,,,,,,,,,,,,,,,,,,
,,,,,,,,,,,,,,,,,,,,,,,,,
,,,,,,,,,,,,,,,,,,,,,,,,,
,,,,,,,,,,,,,,,,,,,,,,,,,
,,,,,,,,,,,,,,,,,,,,,,,,,
,,,,,,,,,,,,,,,,,,,,,,,,,
,,,,,,,,,,,,,,,,,,,,,,,,,
,,,,,,,,,,,,,,,,,,,,,,,,,
,,,,,,,,,,,,,,,,,,,,,,,,,
,,,,,,,,,,,,,,,,,,,,,,,,,
,,,,,,,,,,,,,,,,,,,,,,,,,
,,,,,,,,,,,,,,,,,,,,,,,,,
,,,,,,,,,,,,,,,,,,,,,,,,,
,,,,,,,,,,,,,,,,,,,,,,,,,
,,,,,,,,,,,,,,,,,,,,,,,,,
,,,,,,,,,,,,,,,,,,,,,,,,,
,,,,,,,,,,,,,,,,,,,,,,,,,
,,,,,,,,,,,,,,,,,,,,,,,,,
,,,,,,,,,,,,,,,,,,,,,,,,,
,,,,,,,,,,,,,,,,,,,,,,,,,
,,,,,,,,,,,,,,,,,,,,,,,,,
,,,,,,,,,,,,,,,,,,,,,,,,,
,,,,,,,,,,,,,,,,,,,,,,,,,
,,,,,,,,,,,,,,,,,,,,,,,,,
,,,,,,,,,,,,,,,,,,,,,,,,,
,,,,,,,,,,,,,,,,,,,,,,,,,
,,,,,,,,,,,,,,,,,,,,,,,,,
,,,,,,,,,,,,,,,,,,,,,,,,,
,,,,,,,,,,,,,,,,,,,,,,,,,
,,,,,,,,,,,,,,,,,,,,,,,,,
,,,,,,,,,,,,,,,,,,,,,,,,,
,,,,,,,,,,,,,,,,,,,,,,,,,
,,,,,,,,,,,,,,,,,,,,,,,,,
,,,,,,,,,,,,,,,,,,,,,,,,,
,,,,,,,,,,,,,,,,,,,,,,,,,
,,,,,,,,,,,,,,,,,,,,,,,,,
,,,,,,,,,,,,,,,,,,,,,,,,,
,,,,,,,,,,,,,,,,,,,,,,,,,
,,,,,,,,,,,,,,,,,,,,,,,,,
,,,,,,,,,,,,,,,,,,,,,,,,,
,,,,,,,,,,,,,,,,,,,,,,,,,
,,,,,,,,,,,,,,,,,,,,,,,,,
,,,,,,,,,,,,,,,,,,,,,,,,,
,,,,,,,,,,,,,,,,,,,,,,,,,
,,,,,,,,,,,,,,,,,,,,,,,,,
,,,,,,,,,,,,,,,,,,,,,,,,,
,,,,,,,,,,,,,,,,,,,,,,,,,
,,,,,,,,,,,,,,,,,,,,,,,,,
,,,,,,,,,,,,,,,,,,,,,,,,,
,,,,,,,,,,,,,,,,,,,,,,,,,
,,,,,,,,,,,,,,,,,,,,,,,,,
,,,,,,,,,,,,,,,,,,,,,,,,,
,,,,,,,,,,,,,,,,,,,,,,,,,
,,,,,,,,,,,,,,,,,,,,,,,,,
,,,,,,,,,,,,,,,,,,,,,,,,,
,,,,,,,,,,,,,,,,,,,,,,,,,
,,,,,,,,,,,,,,,,,,,,,,,,,
,,,,,,,,,,,,,,,,,,,,,,,,,
,,,,,,,,,,,,,,,,,,,,,,,,,
,,,,,,,,,,,,,,,,,,,,,,,,,
,,,,,,,,,,,,,,,,,,,,,,,,,
,,,,,,,,,,,,,,,,,,,,,,,,,
,,,,,,,,,,,,,,,,,,,,,,,,,
,,,,,,,,,,,,,,,,,,,,,,,,,
,,,,,,,,,,,,,,,,,,,,,,,,,
,,,,,,,,,,,,,,,,,,,,,,,,,
,,,,,,,,,,,,,,,,,,,,,,,,,
,,,,,,,,,,,,,,,,,,,,,,,,,
,,,,,,,,,,,,,,,,,,,,,,,,,
,,,,,,,,,,,,,,,,,,,,,,,,,
,,,,,,,,,,,,,,,,,,,,,,,,,
,,,,,,,,,,,,,,,,,,,,,,,,,
,,,,,,,,,,,,,,,,,,,,,,,,,
,,,,,,,,,,,,,,,,,,,,,,,,,
,,,,,,,,,,,,,,,,,,,,,,,,,
,,,,,,,,,,,,,,,,,,,,,,,,,
,,,,,,,,,,,,,,,,,,,,,,,,,
,,,,,,,,,,,,,,,,,,,,,,,,,
,,,,,,,,,,,,,,,,,,,,,,,,,
,,,,,,,,,,,,,,,,,,,,,,,,,
,,,,,,,,,,,,,,,,,,,,,,,,,
,,,,,,,,,,,,,,,,,,,,,,,,,
,,,,,,,,,,,,,,,,,,,,,,,,,
,,,,,,,,,,,,,,,,,,,,,,,,,
,,,,,,,,,,,,,,,,,,,,,,,,,
,,,,,,,,,,,,,,,,,,,,,,,,,
,,,,,,,,,,,,,,,,,,,,,,,,,
,,,,,,,,,,,,,,,,,,,,,,,,,
,,,,,,,,,,,,,,,,,,,,,,,,,
,,,,,,,,,,,,,,,,,,,,,,,,,
,,,,,,,,,,,,,,,,,,,,,,,,,
,,,,,,,,,,,,,,,,,,,,,,,,,
,,,,,,,,,,,,,,,,,,,,,,,,,
,,,,,,,,,,,,,,,,,,,,,,,,,
,,,,,,,,,,,,,,,,,,,,,,,,,
,,,,,,,,,,,,,,,,,,,,,,,,,
,,,,,,,,,,,,,,,,,,,,,,,,,
,,,,,,,,,,,,,,,,,,,,,,,,,
,,,,,,,,,,,,,,,,,,,,,,,,,
,,,,,,,,,,,,,,,,,,,,,,,,,
,,,,,,,,,,,,,,,,,,,,,,,,,
,,,,,,,,,,,,,,,,,,,,,,,,,
,,,,,,,,,,,,,,,,,,,,,,,,,
,,,,,,,,,,,,,,,,,,,,,,,,,
,,,,,,,,,,,,,,,,,,,,,,,,,
,,,,,,,,,,,,,,,,,,,,,,,,,
,,,,,,,,,,,,,,,,,,,,,,,,,
,,,,,,,,,,,,,,,,,,,,,,,,,
,,,,,,,,,,,,,,,,,,,,,,,,,
,,,,,,,,,,,,,,,,,,,,,,,,,
,,,,,,,,,,,,,,,,,,,,,,,,,
,,,,,,,,,,,,,,,,,,,,,,,,,
,,,,,,,,,,,,,,,,,,,,,,,,,
,,,,,,,,,,,,,,,,,,,,,,,,,
,,,,,,,,,,,,,,,,,,,,,,,,,
,,,,,,,,,,,,,,,,,,,,,,,,,
,,,,,,,,,,,,,,,,,,,,,,,,,
,,,,,,,,,,,,,,,,,,,,,,,,,
,,,,,,,,,,,,,,,,,,,,,,,,,
,,,,,,,,,,,,,,,,,,,,,,,,,
,,,,,,,,,,,,,,,,,,,,,,,,,
,,,,,,,,,,,,,,,,,,,,,,,,,
,,,,,,,,,,,,,,,,,,,,,,,,,
,,,,,,,,,,,,,,,,,,,,,,,,,
,,,,,,,,,,,,,,,,,,,,,,,,,
,,,,,,,,,,,,,,,,,,,,,,,,,
,,,,,,,,,,,,,,,,,,,,,,,,,
,,,,,,,,,,,,,,,,,,,,,,,,,
,,,,,,,,,,,,,,,,,,,,,,,,,
,,,,,,,,,,,,,,,,,,,,,,,,,
,,,,,,,,,,,,,,,,,,,,,,,,,
,,,,,,,,,,,,,,,,,,,,,,,,,
,,,,,,,,,,,,,,,,,,,,,,,,,
,,,,,,,,,,,,,,,,,,,,,,,,,
,,,,,,,,,,,,,,,,,,,,,,,,,
,,,,,,,,,,,,,,,,,,,,,,,,,
,,,,,,,,,,,,,,,,,,,,,,,,,
,,,,,,,,,,,,,,,,,,,,,,,,,
,,,,,,,,,,,,,,,,,,,,,,,,,
,,,,,,,,,,,,,,,,,,,,,,,,,
,,,,,,,,,,,,,,,,,,,,,,,,,
,,,,,,,,,,,,,,,,,,,,,,,,,
,,,,,,,,,,,,,,,,,,,,,,,,,
,,,,,,,,,,,,,,,,,,,,,,,,,
,,,,,,,,,,,,,,,,,,,,,,,,,
,,,,,,,,,,,,,,,,,,,,,,,,,
,,,,,,,,,,,,,,,,,,,,,,,,,
,,,,,,,,,,,,,,,,,,,,,,,,,
,,,,,,,,,,,,,,,,,,,,,,,,,
,,,,,,,,,,,,,,,,,,,,,,,,,
,,,,,,,,,,,,,,,,,,,,,,,,,
,,,,,,,,,,,,,,,,,,,,,,,,,
,,,,,,,,,,,,,,,,,,,,,,,,,
,,,,,,,,,,,,,,,,,,,,,,,,,
,,,,,,,,,,,,,,,,,,,,,,,,,
,,,,,,,,,,,,,,,,,,,,,,,,,
,,,,,,,,,,,,,,,,,,,,,,,,,
,,,,,,,,,,,,,,,,,,,,,,,,,
,,,,,,,,,,,,,,,,,,,,,,,,,
,,,,,,,,,,,,,,,,,,,,,,,,,
,,,,,,,,,,,,,,,,,,,,,,,,,
,,,,,,,,,,,,,,,,,,,,,,,,,
,,,,,,,,,,,,,,,,,,,,,,,,,
,,,,,,,,,,,,,,,,,,,,,,,,,
,,,,,,,,,,,,,,,,,,,,,,,,,
,,,,,,,,,,,,,,,,,,,,,,,,,
,,,,,,,,,,,,,,,,,,,,,,,,,
,,,,,,,,,,,,,,,,,,,,,,,,,
,,,,,,,,,,,,,,,,,,,,,,,,,
,,,,,,,,,,,,,,,,,,,,,,,,,
,,,,,,,,,,,,,,,,,,,,,,,,,
,,,,,,,,,,,,,,,,,,,,,,,,,
,,,,,,,,,,,,,,,,,,,,,,,,,
,,,,,,,,,,,,,,,,,,,,,,,,,
,,,,,,,,,,,,,,,,,,,,,,,,,
,,,,,,,,,,,,,,,,,,,,,,,,,
,,,,,,,,,,,,,,,,,,,,,,,,,
,,,,,,,,,,,,,,,,,,,,,,,,,
,,,,,,,,,,,,,,,,,,,,,,,,,
,,,,,,,,,,,,,,,,,,,,,,,,,
,,,,,,,,,,,,,,,,,,,,,,,,,
,,,,,,,,,,,,,,,,,,,,,,,,,
,,,,,,,,,,,,,,,,,,,,,,,,,
,,,,,,,,,,,,,,,,,,,,,,,,,
,,,,,,,,,,,,,,,,,,,,,,,,,
,,,,,,,,,,,,,,,,,,,,,,,,,
,,,,,,,,,,,,,,,,,,,,,,,,,
,,,,,,,,,,,,,,,,,,,,,,,,,
,,,,,,,,,,,,,,,,,,,,,,,,,
,,,,,,,,,,,,,,,,,,,,,,,,,
,,,,,,,,,,,,,,,,,,,,,,,,,